1,11,"[3, 4, 9, 5, 6, 14, 11, 11, 23, 13, 15]"
2,11,"[5, 7, 10, 14, 8, 13, 13, 11, 6, 13, 14]"
3,9,"[5, 12, 13, 11, 22, 20, 22, 5, 5]"
4,9,"[10, 12, 9, 15, 19, 15, 14, 17, 5]"
5,8,"[13, 23, 17, 13, 7, 20, 11, 12]"
6,8,"[11, 9, 11, 6, 22, 19, 26, 13]"
7,9,"[10, 16, 7, 18, 6, 17, 14, 19, 9]"
8,10,"[7, 16, 12, 7, 13, 10, 25, 14, 3, 8]"
9,9,"[4, 10, 15, 18, 17, 11, 8, 17, 16]"
10,9,"[17, 15, 17, 12, 17, 8, 15, 6, 9]"
11,8,"[16, 12, 18, 17, 24, 6, 15, 9]"
12,7,"[12, 20, 17, 21, 18, 15, 15]"
13,8,"[12, 22, 17, 25, 21, 5, 10, 5]"
14,8,"[17, 15, 20, 17, 16, 3, 10, 19]"
15,8,"[19, 13, 20, 16, 25, 7, 9, 8]"
16,9,"[26, 19, 16, 13, 16, 14, 3, 6, 3]"
17,6,"[20, 20, 23, 33, 7, 16]"
18,9,"[10, 18, 13, 18, 11, 10, 13, 17, 6]"
19,6,"[28, 25, 30, 17, 10, 9]"
20,8,"[16, 32, 11, 9, 20, 11, 13, 5]"
21,8,"[17, 19, 11, 19, 17, 16, 9, 9]"
22,9,"[22, 18, 9, 11, 14, 11, 17, 9, 5]"
23,9,"[22, 19, 16, 17, 9, 13, 3, 6, 11]"
24,9,"[19, 14, 16, 18, 7, 18, 12, 7, 5]"
25,9,"[21, 23, 14, 17, 15, 6, 3, 10, 7]"
26,9,"[24, 16, 17, 20, 15, 5, 5, 6, 8]"
27,7,"[26, 12, 23, 15, 18, 10, 14]"
28,7,"[17, 34, 22, 11, 11, 14, 9]"
29,10,"[14, 15, 15, 13, 13, 11, 19, 3, 7, 5]"
30,6,"[26, 18, 31, 22, 5, 16]"
31,10,"[14, 11, 14, 20, 9, 14, 11, 5, 9, 8]"
32,9,"[14, 12, 18, 15, 17, 16, 14, 3, 7]"
33,8,"[15, 13, 21, 15, 22, 6, 15, 10]"
34,7,"[11, 16, 13, 22, 19, 16, 21]"
35,7,"[21, 16, 21, 14, 23, 12, 10]"
36,7,"[20, 23, 17, 16, 23, 9, 10]"
37,7,"[17, 22, 21, 20, 20, 11, 7]"
38,9,"[25, 8, 19, 15, 15, 5, 5, 19, 4]"
39,8,"[25, 19, 23, 12, 11, 6, 12, 9]"
40,9,"[28, 12, 12, 22, 6, 14, 10, 4, 8]"
41,9,"[19, 24, 13, 14, 18, 4, 5, 10, 9]"
42,8,"[12, 16, 18, 17, 19, 17, 3, 15]"
43,7,"[20, 36, 26, 13, 12, 4, 7]"
44,9,"[9, 17, 16, 18, 19, 13, 3, 11, 10]"
45,7,"[22, 32, 12, 21, 13, 11, 7]"
46,7,"[10, 16, 20, 18, 20, 20, 14]"
47,8,"[14, 20, 15, 17, 19, 13, 3, 16]"
48,7,"[18, 19, 12, 9, 32, 16, 12]"
49,10,"[18, 21, 11, 12, 16, 12, 9, 7, 3, 6]"
50,9,"[16, 19, 17, 6, 19, 17, 11, 6, 5]"
51,8,"[17, 25, 13, 14, 22, 13, 6, 7]"
52,8,"[17, 24, 25, 17, 16, 6, 7, 5]"
53,8,"[19, 20, 24, 9, 7, 5, 17, 15]"
54,8,"[14, 14, 17, 22, 23, 13, 10, 3]"
55,8,"[24, 12, 19, 14, 17, 14, 10, 7]"
56,7,"[24, 34, 19, 8, 13, 8, 12]"
57,9,"[11, 10, 16, 19, 13, 19, 12, 10, 6]"
58,9,"[24, 17, 10, 11, 8, 20, 4, 12, 10]"
59,7,"[11, 26, 18, 21, 21, 11, 9]"
60,5,"[18, 25, 37, 25, 15]"
61,8,"[19, 14, 19, 11, 20, 17, 10, 7]"
62,8,"[29, 18, 18, 19, 3, 13, 12, 5]"
63,7,"[15, 22, 12, 25, 32, 5, 6]"
64,8,"[12, 23, 15, 6, 18, 15, 22, 5]"
65,7,"[14, 26, 16, 13, 16, 22, 11]"
66,5,"[30, 31, 28, 23, 7]"
67,8,"[20, 21, 10, 17, 19, 13, 3, 14]"
68,6,"[23, 12, 23, 20, 29, 12]"
69,8,"[15, 13, 20, 22, 19, 15, 3, 10]"
70,8,"[16, 11, 18, 15, 9, 24, 12, 11]"
71,9,"[14, 17, 13, 18, 10, 18, 5, 14, 7]"
72,6,"[16, 40, 25, 21, 5, 12]"
73,10,"[24, 15, 10, 10, 9, 8, 13, 15, 4, 7]"
74,5,"[24, 40, 16, 23, 17]"
75,6,"[20, 17, 11, 21, 19, 31]"
76,8,"[18, 29, 17, 21, 5, 10, 8, 9]"
77,6,"[23, 21, 26, 20, 18, 10]"
78,5,"[21, 28, 41, 16, 13]"
79,9,"[23, 9, 16, 17, 12, 11, 15, 5, 8]"
80,7,"[33, 25, 7, 19, 16, 11, 7]"
81,6,"[33, 15, 29, 19, 12, 11]"
82,5,"[34, 23, 39, 16, 7]"
83,9,"[25, 21, 19, 15, 5, 13, 5, 6, 7]"
84,7,"[16, 34, 19, 16, 12, 12, 9]"
85,5,"[24, 34, 32, 17, 13]"
86,9,"[22, 11, 12, 11, 9, 14, 22, 6, 8]"
87,7,"[26, 18, 17, 21, 22, 7, 7]"
88,6,"[34, 9, 18, 35, 3, 19]"
89,9,"[11, 11, 3, 19, 19, 14, 15, 20, 3]"
90,6,"[21, 16, 28, 29, 11, 14]"
91,9,"[19, 13, 14, 11, 14, 6, 19, 5, 15]"
92,8,"[17, 18, 20, 4, 25, 17, 12, 4]"
93,6,"[18, 26, 34, 18, 5, 18]"
94,9,"[23, 16, 10, 17, 6, 12, 5, 7, 19]"
95,8,"[12, 22, 18, 20, 15, 15, 9, 6]"
96,7,"[17, 22, 16, 14, 14, 16, 19]"
97,7,"[29, 20, 27, 20, 8, 8, 6]"
98,8,"[27, 15, 17, 10, 19, 6, 14, 9]"
99,7,"[22, 12, 17, 18, 12, 22, 15]"
100,7,"[15, 16, 24, 22, 13, 12, 16]"
101,6,"[32, 26, 15, 29, 5, 11]"
102,7,"[21, 16, 21, 20, 18, 5, 17]"
103,10,"[12, 12, 16, 15, 15, 13, 5, 8, 11, 8]"
104,8,"[23, 14, 16, 12, 13, 14, 5, 20]"
105,8,"[13, 12, 26, 17, 19, 17, 5, 8]"
106,7,"[41, 19, 6, 16, 18, 11, 7]"
107,8,"[8, 23, 22, 14, 15, 18, 8, 9]"
108,6,"[35, 14, 17, 24, 19, 10]"
109,8,"[17, 24, 14, 5, 24, 12, 14, 7]"
110,7,"[15, 20, 11, 12, 10, 20, 30]"
111,7,"[15, 30, 25, 18, 15, 10, 5]"
112,7,"[35, 16, 18, 11, 15, 8, 14]"
113,6,"[24, 25, 19, 3, 29, 18]"
114,7,"[19, 28, 14, 24, 14, 7, 12]"
115,7,"[16, 18, 24, 11, 21, 24, 4]"
116,7,"[16, 15, 18, 17, 23, 20, 9]"
117,8,"[15, 24, 12, 15, 17, 4, 17, 13]"
118,7,"[19, 11, 16, 24, 18, 16, 13]"
119,8,"[30, 13, 16, 28, 3, 10, 7, 10]"
120,6,"[28, 39, 11, 17, 14, 9]"
121,8,"[11, 18, 13, 12, 22, 14, 7, 20]"
122,7,"[24, 19, 16, 22, 20, 3, 13]"
123,9,"[10, 17, 14, 18, 5, 14, 10, 10, 18]"
124,7,"[27, 18, 16, 5, 14, 21, 17]"
125,10,"[20, 13, 12, 21, 15, 6, 3, 8, 10, 7]"
126,8,"[27, 14, 13, 5, 19, 20, 10, 9]"
127,6,"[46, 17, 14, 24, 11, 7]"
128,7,"[22, 16, 11, 19, 13, 16, 20]"
129,8,"[21, 11, 17, 18, 18, 15, 9, 8]"
130,9,"[27, 8, 10, 14, 20, 6, 10, 14, 7]"
131,8,"[13, 18, 23, 19, 14, 13, 9, 8]"
132,7,"[19, 24, 18, 28, 10, 11, 7]"
133,7,"[15, 11, 25, 5, 18, 28, 16]"
134,8,"[17, 16, 18, 15, 4, 17, 22, 7]"
135,9,"[12, 11, 25, 14, 14, 20, 3, 5, 11]"
136,6,"[32, 27, 29, 12, 5, 14]"
137,7,"[18, 19, 15, 20, 15, 19, 12]"
138,7,"[16, 18, 28, 26, 6, 12, 12]"
139,8,"[35, 21, 6, 14, 15, 8, 12, 6]"
140,5,"[26, 10, 22, 32, 30]"
141,7,"[13, 27, 19, 26, 13, 11, 9]"
142,7,"[13, 33, 13, 19, 24, 7, 9]"
143,7,"[39, 19, 21, 16, 6, 10, 7]"
144,7,"[34, 24, 11, 18, 12, 6, 13]"
145,8,"[11, 20, 16, 18, 18, 12, 13, 9]"
146,8,"[17, 23, 23, 7, 22, 8, 9, 8]"
147,7,"[12, 10, 23, 23, 21, 10, 19]"
148,8,"[17, 11, 16, 22, 17, 11, 13, 10]"
149,8,"[14, 15, 10, 14, 5, 26, 21, 12]"
150,6,"[33, 17, 27, 10, 17, 15]"
151,8,"[11, 18, 16, 22, 5, 24, 5, 15]"
152,8,"[23, 15, 13, 17, 17, 18, 4, 10]"
153,7,"[14, 15, 22, 20, 24, 18, 5]"
154,7,"[19, 36, 11, 25, 12, 10, 5]"
155,9,"[10, 14, 13, 16, 13, 17, 16, 4, 13]"
156,7,"[25, 12, 27, 20, 22, 5, 7]"
157,8,"[29, 11, 19, 6, 16, 19, 10, 7]"
158,5,"[34, 25, 27, 28, 6]"
159,8,"[23, 24, 12, 5, 16, 22, 8, 7]"
160,6,"[18, 11, 30, 23, 15, 21]"
161,8,"[13, 13, 20, 26, 16, 6, 17, 6]"
162,8,"[14, 14, 22, 23, 14, 5, 18, 7]"
163,9,"[16, 19, 15, 13, 8, 21, 9, 9, 6]"
164,10,"[17, 15, 16, 15, 14, 6, 3, 10, 14, 5]"
165,9,"[9, 21, 12, 10, 23, 17, 8, 5, 11]"
166,6,"[28, 11, 20, 31, 15, 14]"
167,7,"[14, 18, 32, 16, 10, 21, 7]"
168,7,"[20, 29, 18, 28, 12, 4, 7]"
169,6,"[22, 15, 12, 21, 33, 15]"
170,8,"[25, 13, 13, 20, 17, 11, 3, 15]"
171,7,"[19, 17, 18, 16, 16, 20, 11]"
172,8,"[15, 16, 25, 19, 20, 7, 9, 6]"
173,7,"[24, 14, 25, 10, 28, 9, 8]"
174,7,"[15, 11, 25, 13, 29, 14, 11]"
175,6,"[18, 24, 17, 8, 34, 18]"
176,9,"[11, 8, 22, 16, 18, 16, 11, 4, 10]"
177,8,"[20, 20, 8, 11, 10, 21, 21, 6]"
178,9,"[10, 14, 18, 11, 22, 9, 6, 7, 19]"
179,9,"[17, 18, 16, 14, 20, 13, 3, 8, 7]"
180,8,"[26, 13, 17, 17, 19, 3, 12, 10]"
181,7,"[12, 10, 21, 33, 23, 8, 10]"
182,9,"[13, 15, 13, 16, 7, 21, 14, 7, 10]"
183,6,"[25, 30, 30, 16, 10, 8]"
184,8,"[12, 25, 11, 21, 9, 11, 16, 11]"
185,7,"[21, 28, 16, 19, 18, 8, 8]"
186,7,"[18, 34, 20, 16, 19, 4, 7]"
187,9,"[13, 10, 13, 17, 11, 18, 14, 11, 9]"
188,7,"[32, 16, 22, 13, 3, 22, 10]"
189,7,"[16, 25, 12, 14, 10, 20, 20]"
190,7,"[20, 15, 13, 26, 26, 11, 7]"
191,7,"[14, 15, 23, 20, 8, 23, 15]"
192,7,"[21, 20, 11, 17, 5, 28, 16]"
193,9,"[12, 14, 26, 18, 9, 13, 10, 7, 7]"
194,7,"[25, 17, 19, 20, 15, 13, 9]"
195,7,"[28, 19, 20, 20, 12, 5, 13]"
196,7,"[13, 16, 24, 16, 9, 27, 12]"
197,8,"[11, 14, 17, 20, 16, 13, 9, 17]"
198,6,"[25, 27, 10, 20, 10, 27]"
199,8,"[11, 16, 20, 5, 23, 27, 3, 11]"
200,10,"[11, 26, 9, 14, 5, 14, 5, 18, 5, 8]"
201,9,"[27, 20, 13, 5, 7, 23, 6, 9, 6]"
202,7,"[12, 22, 18, 18, 5, 28, 15]"
203,8,"[13, 19, 17, 19, 21, 17, 5, 6]"
204,9,"[10, 16, 15, 8, 14, 14, 13, 20, 6]"
205,6,"[29, 19, 20, 33, 5, 12]"
206,7,"[30, 13, 15, 14, 25, 4, 17]"
207,9,"[21, 11, 11, 19, 17, 7, 5, 18, 7]"
208,9,"[11, 17, 17, 15, 21, 5, 10, 12, 8]"
209,7,"[30, 19, 5, 19, 23, 8, 14]"
210,6,"[21, 32, 18, 24, 3, 21]"
211,6,"[15, 29, 20, 26, 21, 8]"
212,7,"[31, 11, 20, 21, 20, 7, 7]"
213,6,"[47, 8, 22, 20, 11, 11]"
214,7,"[11, 19, 15, 17, 14, 24, 17]"
215,6,"[31, 23, 15, 11, 27, 12]"
216,8,"[24, 19, 15, 14, 12, 19, 3, 11]"
217,5,"[26, 28, 18, 36, 12]"
218,9,"[17, 14, 11, 20, 19, 9, 3, 16, 7]"
219,9,"[14, 16, 24, 14, 13, 15, 9, 5, 6]"
220,9,"[12, 15, 20, 14, 9, 15, 10, 13, 7]"
221,9,"[9, 14, 14, 22, 19, 13, 5, 10, 10]"
222,7,"[24, 17, 10, 16, 20, 18, 12]"
223,8,"[25, 17, 20, 15, 11, 10, 10, 9]"
224,8,"[12, 13, 14, 20, 21, 23, 6, 8]"
225,8,"[34, 20, 5, 18, 18, 8, 5, 9]"
226,8,"[14, 17, 20, 16, 22, 15, 6, 7]"
227,6,"[12, 28, 21, 24, 20, 14]"
228,6,"[17, 37, 21, 22, 15, 7]"
229,7,"[29, 13, 9, 17, 4, 23, 22]"
230,6,"[25, 12, 19, 14, 31, 18]"
231,7,"[13, 28, 17, 17, 13, 21, 9]"
232,8,"[15, 29, 17, 21, 9, 13, 7, 6]"
233,8,"[14, 12, 20, 19, 16, 13, 17, 6]"
234,5,"[20, 18, 29, 17, 35]"
235,8,"[36, 18, 14, 19, 3, 13, 9, 5]"
236,8,"[13, 11, 11, 13, 16, 16, 31, 5]"
237,6,"[20, 19, 21, 21, 18, 20]"
238,9,"[12, 14, 12, 16, 10, 10, 22, 7, 13]"
239,7,"[25, 16, 15, 25, 20, 6, 10]"
240,8,"[15, 14, 17, 12, 15, 13, 20, 11]"
241,7,"[29, 17, 20, 12, 23, 10, 7]"
242,7,"[19, 11, 19, 14, 23, 17, 15]"
243,7,"[22, 28, 7, 13, 26, 13, 8]"
244,5,"[41, 22, 37, 10, 9]"
245,8,"[23, 15, 9, 19, 14, 19, 3, 15]"
246,5,"[32, 33, 28, 5, 22]"
247,7,"[15, 32, 17, 5, 8, 24, 17]"
248,6,"[19, 32, 20, 27, 14, 7]"
249,6,"[31, 13, 26, 13, 20, 16]"
250,8,"[26, 15, 20, 20, 15, 3, 9, 9]"
251,7,"[11, 15, 22, 8, 24, 31, 6]"
252,7,"[31, 22, 10, 18, 13, 17, 7]"
253,8,"[22, 12, 17, 23, 11, 19, 5, 8]"
254,7,"[12, 24, 15, 34, 18, 7, 7]"
255,8,"[21, 31, 16, 5, 23, 6, 7, 8]"
256,8,"[14, 26, 13, 16, 20, 7, 5, 16]"
257,7,"[12, 22, 24, 11, 19, 21, 9]"
258,6,"[40, 25, 25, 7, 9, 13]"
259,7,"[11, 13, 29, 9, 13, 33, 10]"
260,7,"[27, 15, 19, 20, 14, 14, 9]"
261,8,"[27, 21, 23, 8, 9, 17, 6, 6]"
262,8,"[16, 11, 23, 20, 13, 20, 5, 9]"
263,8,"[10, 17, 19, 22, 13, 9, 20, 7]"
264,8,"[26, 20, 10, 15, 25, 5, 9, 7]"
265,8,"[27, 14, 15, 22, 10, 3, 19, 6]"
266,7,"[33, 13, 20, 15, 11, 14, 11]"
267,5,"[21, 14, 46, 22, 16]"
268,9,"[31, 12, 15, 17, 14, 8, 8, 6, 5]"
269,7,"[16, 16, 26, 19, 17, 13, 11]"
270,7,"[37, 18, 7, 21, 11, 17, 7]"
271,8,"[14, 24, 20, 19, 20, 3, 10, 7]"
272,7,"[17, 17, 16, 17, 22, 16, 12]"
273,8,"[13, 15, 15, 20, 7, 17, 18, 12]"
274,8,"[12, 10, 15, 20, 18, 19, 8, 15]"
275,7,"[22, 19, 17, 18, 28, 3, 11]"
276,8,"[14, 26, 18, 14, 10, 19, 7, 9]"
277,8,"[11, 14, 23, 22, 15, 14, 11, 7]"
278,6,"[13, 10, 39, 15, 10, 31]"
279,7,"[21, 26, 7, 13, 26, 15, 9]"
280,7,"[36, 16, 22, 22, 5, 10, 7]"
281,9,"[12, 19, 13, 21, 5, 18, 12, 7, 9]"
282,7,"[16, 10, 20, 17, 15, 28, 11]"
283,8,"[19, 14, 19, 19, 27, 3, 3, 13]"
284,7,"[11, 17, 17, 20, 23, 17, 13]"
285,9,"[17, 20, 17, 13, 11, 13, 10, 3, 12]"
286,7,"[16, 30, 10, 16, 16, 21, 9]"
287,8,"[19, 24, 16, 20, 9, 7, 17, 5]"
288,6,"[10, 17, 20, 25, 26, 21]"
289,7,"[11, 17, 12, 22, 22, 11, 22]"
290,9,"[12, 9, 12, 16, 20, 6, 14, 19, 8]"
291,5,"[22, 16, 34, 32, 16]"
292,9,"[16, 12, 15, 13, 5, 21, 17, 10, 7]"
293,7,"[16, 14, 24, 16, 21, 19, 8]"
294,6,"[32, 5, 19, 19, 30, 13]"
295,5,"[24, 39, 21, 20, 16]"
296,7,"[32, 30, 15, 25, 3, 6, 7]"
297,8,"[23, 17, 15, 15, 13, 6, 17, 11]"
298,8,"[12, 16, 19, 22, 18, 13, 7, 10]"
299,7,"[25, 23, 17, 14, 10, 26, 3]"
300,8,"[19, 16, 7, 15, 19, 19, 7, 15]"
301,7,"[20, 22, 21, 9, 15, 18, 13]"
302,8,"[20, 15, 16, 16, 15, 13, 3, 18]"
303,9,"[11, 26, 11, 20, 17, 11, 10, 7, 3]"
304,6,"[27, 28, 19, 16, 18, 11]"
305,8,"[19, 20, 24, 15, 12, 3, 13, 11]"
306,7,"[19, 15, 18, 24, 14, 11, 17]"
307,8,"[24, 11, 14, 20, 5, 17, 7, 19]"
308,7,"[19, 15, 24, 19, 15, 5, 21]"
309,7,"[16, 18, 30, 8, 14, 16, 15]"
310,7,"[16, 13, 22, 16, 21, 18, 12]"
311,7,"[15, 21, 19, 23, 14, 5, 21]"
312,8,"[15, 27, 15, 10, 16, 21, 4, 9]"
313,9,"[12, 16, 14, 14, 8, 14, 23, 9, 6]"
314,8,"[15, 31, 17, 14, 6, 19, 4, 11]"
315,9,"[15, 11, 16, 5, 14, 14, 13, 19, 9]"
316,7,"[14, 14, 19, 19, 15, 16, 21]"
317,6,"[19, 34, 18, 10, 16, 22]"
318,8,"[18, 34, 10, 16, 17, 6, 3, 13]"
319,7,"[30, 20, 15, 30, 5, 11, 7]"
320,9,"[11, 18, 7, 22, 22, 13, 6, 5, 12]"
321,7,"[12, 23, 12, 19, 16, 10, 26]"
322,7,"[12, 11, 12, 23, 36, 15, 8]"
323,7,"[25, 17, 24, 20, 9, 14, 9]"
324,8,"[11, 25, 11, 13, 13, 22, 11, 11]"
325,8,"[13, 13, 23, 15, 22, 16, 3, 12]"
326,8,"[24, 17, 20, 6, 17, 11, 15, 7]"
327,8,"[18, 8, 31, 20, 10, 13, 10, 7]"
328,8,"[17, 16, 12, 15, 13, 7, 19, 17]"
329,7,"[11, 21, 18, 15, 21, 21, 11]"
330,7,"[18, 20, 32, 21, 13, 9, 5]"
331,6,"[32, 29, 15, 24, 10, 9]"
332,7,"[8, 29, 18, 10, 23, 21, 9]"
333,9,"[12, 13, 15, 22, 14, 12, 15, 5, 8]"
334,8,"[27, 13, 21, 22, 10, 6, 13, 5]"
335,7,"[23, 17, 8, 19, 12, 21, 17]"
336,9,"[14, 17, 15, 11, 15, 14, 10, 4, 15]"
337,10,"[20, 9, 14, 5, 12, 16, 16, 5, 5, 12]"
338,6,"[25, 20, 12, 28, 21, 13]"
339,6,"[20, 36, 8, 21, 26, 8]"
340,7,"[21, 18, 5, 15, 22, 26, 10]"
341,8,"[10, 24, 25, 15, 17, 6, 14, 6]"
342,8,"[19, 20, 10, 26, 13, 14, 5, 10]"
343,6,"[21, 19, 23, 27, 17, 12]"
344,8,"[13, 26, 16, 21, 17, 14, 3, 7]"
345,7,"[11, 28, 22, 14, 19, 5, 19]"
346,9,"[15, 11, 16, 14, 9, 17, 13, 8, 13]"
347,7,"[34, 14, 5, 28, 22, 8, 7]"
348,8,"[16, 36, 19, 13, 4, 5, 17, 7]"
349,7,"[16, 22, 5, 16, 22, 23, 14]"
350,8,"[30, 16, 9, 9, 18, 18, 5, 12]"
351,8,"[11, 18, 13, 18, 8, 4, 24, 21]"
352,5,"[12, 19, 30, 26, 32]"
353,9,"[19, 13, 7, 11, 16, 14, 19, 5, 11]"
354,7,"[18, 30, 13, 7, 16, 23, 11]"
355,5,"[40, 21, 19, 27, 13]"
356,7,"[10, 31, 18, 8, 26, 14, 11]"
357,8,"[38, 8, 16, 18, 3, 11, 17, 6]"
358,9,"[22, 25, 14, 23, 13, 3, 4, 6, 6]"
359,9,"[11, 8, 24, 11, 14, 24, 11, 5, 8]"
360,9,"[24, 16, 14, 11, 11, 17, 5, 10, 8]"
361,6,"[16, 26, 21, 20, 20, 16]"
362,8,"[19, 11, 7, 20, 21, 15, 15, 9]"
363,8,"[12, 19, 14, 16, 14, 5, 26, 11]"
364,7,"[16, 27, 15, 23, 13, 9, 15]"
365,9,"[17, 20, 15, 11, 14, 9, 16, 7, 7]"
366,8,"[15, 27, 11, 10, 22, 15, 5, 12]"
367,5,"[30, 46, 13, 25, 5]"
368,8,"[12, 17, 29, 14, 11, 5, 21, 8]"
369,5,"[17, 42, 11, 21, 28]"
370,6,"[14, 18, 28, 13, 18, 27]"
371,7,"[13, 24, 16, 19, 13, 7, 25]"
372,7,"[18, 29, 22, 16, 18, 10, 5]"
373,6,"[15, 23, 28, 7, 23, 22]"
374,5,"[30, 16, 20, 28, 26]"
375,8,"[10, 24, 15, 9, 12, 24, 17, 6]"
376,7,"[10, 22, 17, 7, 15, 12, 35]"
377,8,"[17, 27, 20, 18, 8, 5, 9, 13]"
378,7,"[18, 22, 16, 11, 24, 20, 6]"
379,7,"[22, 15, 23, 23, 5, 11, 19]"
380,7,"[21, 14, 20, 14, 17, 22, 10]"
381,8,"[17, 15, 27, 14, 14, 6, 16, 8]"
382,9,"[11, 12, 19, 20, 8, 15, 13, 5, 12]"
383,9,"[19, 14, 17, 12, 13, 13, 13, 8, 7]"
384,8,"[14, 11, 29, 13, 21, 15, 5, 9]"
385,7,"[18, 31, 12, 17, 23, 3, 14]"
386,9,"[12, 13, 21, 15, 6, 13, 25, 4, 7]"
387,7,"[13, 22, 27, 15, 17, 11, 12]"
388,10,"[12, 13, 15, 15, 13, 19, 11, 3, 9, 5]"
389,6,"[15, 14, 19, 27, 20, 23]"
390,8,"[31, 5, 12, 22, 23, 10, 5, 9]"
391,8,"[10, 11, 16, 15, 15, 21, 17, 12]"
392,8,"[16, 17, 25, 10, 22, 6, 14, 7]"
393,8,"[14, 16, 27, 22, 15, 6, 11, 6]"
394,6,"[33, 20, 14, 4, 28, 20]"
395,8,"[15, 15, 33, 21, 11, 4, 8, 10]"
396,7,"[26, 14, 28, 9, 15, 19, 7]"
397,6,"[27, 25, 17, 25, 16, 9]"
398,7,"[14, 19, 14, 20, 11, 29, 11]"
399,7,"[19, 14, 19, 11, 25, 23, 7]"
400,7,"[22, 15, 16, 17, 12, 21, 15]"
401,8,"[19, 18, 26, 20, 10, 6, 9, 9]"
402,7,"[28, 34, 15, 7, 18, 5, 10]"
403,8,"[11, 18, 18, 5, 13, 17, 23, 12]"
404,7,"[28, 6, 22, 16, 12, 25, 8]"
405,8,"[12, 24, 9, 14, 18, 12, 8, 20]"
406,8,"[12, 18, 16, 19, 6, 24, 7, 14]"
407,6,"[22, 30, 17, 27, 15, 8]"
408,7,"[19, 30, 13, 11, 7, 25, 13]"
409,8,"[22, 18, 17, 18, 5, 22, 8, 6]"
410,6,"[22, 22, 16, 19, 36, 4]"
411,8,"[21, 19, 16, 8, 7, 17, 6, 23]"
412,7,"[16, 29, 23, 5, 15, 21, 8]"
413,9,"[18, 19, 19, 7, 11, 21, 6, 10, 5]"
414,6,"[17, 34, 18, 18, 21, 11]"
415,9,"[24, 12, 14, 19, 13, 4, 5, 19, 6]"
416,8,"[12, 10, 18, 18, 11, 21, 10, 16]"
417,6,"[22, 35, 14, 11, 19, 18]"
418,5,"[41, 30, 24, 14, 10]"
419,7,"[12, 18, 30, 21, 15, 7, 15]"
420,7,"[12, 18, 18, 15, 12, 28, 14]"
421,6,"[25, 21, 21, 15, 24, 12]"
422,9,"[14, 11, 16, 14, 17, 15, 17, 4, 8]"
423,8,"[10, 30, 7, 12, 16, 24, 9, 9]"
424,7,"[23, 24, 18, 16, 21, 3, 13]"
425,7,"[14, 22, 18, 18, 20, 5, 20]"
426,7,"[12, 21, 16, 16, 21, 22, 10]"
427,7,"[27, 17, 23, 19, 14, 11, 7]"
428,7,"[10, 11, 19, 18, 12, 14, 33]"
429,8,"[19, 18, 16, 20, 11, 10, 9, 14]"
430,9,"[13, 17, 23, 14, 5, 11, 7, 21, 5]"
431,5,"[27, 24, 25, 23, 21]"
432,9,"[11, 16, 17, 12, 18, 13, 13, 9, 7]"
433,8,"[11, 15, 24, 13, 19, 15, 6, 14]"
434,8,"[17, 16, 13, 12, 20, 23, 3, 13]"
435,7,"[15, 37, 6, 10, 30, 10, 10]"
436,7,"[11, 16, 14, 15, 16, 19, 27]"
437,7,"[17, 21, 29, 13, 15, 11, 12]"
438,6,"[28, 20, 13, 25, 20, 13]"
439,7,"[14, 22, 20, 14, 5, 18, 25]"
440,10,"[22, 12, 15, 15, 18, 3, 16, 3, 5, 6]"
441,7,"[30, 26, 16, 21, 5, 7, 12]"
442,6,"[21, 34, 24, 19, 10, 11]"
443,7,"[27, 20, 13, 20, 20, 9, 9]"
444,6,"[23, 15, 22, 20, 7, 31]"
445,8,"[16, 16, 23, 19, 11, 4, 22, 6]"
446,7,"[14, 13, 22, 21, 13, 30, 5]"
447,7,"[21, 26, 22, 15, 3, 19, 12]"
448,7,"[19, 14, 17, 21, 21, 15, 11]"
449,6,"[26, 19, 23, 20, 15, 16]"
450,6,"[20, 24, 13, 17, 13, 31]"
451,5,"[29, 32, 16, 9, 33]"
452,6,"[23, 35, 23, 7, 10, 21]"
453,9,"[11, 20, 18, 15, 16, 4, 6, 19, 7]"
454,8,"[10, 26, 15, 5, 16, 20, 10, 15]"
455,8,"[17, 18, 20, 17, 6, 10, 21, 8]"
456,7,"[30, 24, 11, 10, 14, 7, 21]"
457,8,"[11, 32, 17, 7, 16, 19, 7, 8]"
458,7,"[29, 22, 5, 14, 33, 8, 7]"
459,9,"[11, 18, 12, 12, 18, 17, 9, 10, 9]"
460,6,"[20, 18, 26, 27, 11, 17]"
461,8,"[12, 19, 15, 19, 5, 15, 24, 8]"
462,8,"[19, 19, 13, 21, 17, 13, 9, 6]"
463,7,"[10, 14, 23, 25, 21, 5, 19]"
464,9,"[12, 16, 15, 10, 16, 13, 8, 15, 11]"
465,8,"[11, 15, 21, 21, 19, 7, 7, 16]"
466,9,"[13, 16, 15, 22, 7, 15, 10, 9, 9]"
467,10,"[10, 19, 16, 17, 11, 21, 6, 3, 6, 6]"
468,6,"[19, 31, 21, 26, 11, 11]"
469,9,"[17, 7, 27, 15, 14, 17, 5, 5, 8]"
470,7,"[34, 20, 5, 21, 22, 7, 9]"
471,6,"[22, 25, 28, 16, 18, 10]"
472,7,"[11, 13, 14, 21, 29, 20, 10]"
473,10,"[10, 20, 17, 18, 18, 5, 6, 6, 11, 4]"
474,6,"[33, 20, 25, 22, 4, 15]"
475,8,"[25, 21, 16, 22, 10, 5, 11, 7]"
476,8,"[12, 13, 14, 20, 17, 13, 19, 9]"
477,8,"[17, 16, 27, 28, 3, 6, 13, 7]"
478,5,"[29, 20, 28, 29, 14]"
479,8,"[12, 11, 22, 18, 12, 19, 9, 14]"
480,8,"[12, 18, 12, 24, 26, 7, 10, 8]"
481,6,"[12, 22, 32, 25, 24, 4]"
482,5,"[24, 26, 21, 26, 23]"
483,9,"[12, 17, 23, 5, 11, 14, 18, 5, 11]"
484,7,"[13, 37, 11, 20, 24, 5, 8]"
485,5,"[12, 15, 32, 23, 37]"
486,7,"[20, 27, 13, 17, 16, 18, 7]"
487,7,"[20, 20, 22, 13, 16, 20, 7]"
488,7,"[33, 22, 17, 22, 5, 8, 11]"
489,6,"[30, 28, 7, 15, 21, 17]"
490,6,"[15, 30, 21, 9, 21, 23]"
491,6,"[23, 30, 6, 29, 19, 12]"
492,7,"[22, 24, 17, 17, 24, 4, 9]"
493,8,"[27, 21, 25, 9, 3, 7, 17, 8]"
494,9,"[14, 19, 9, 27, 14, 5, 16, 5, 7]"
495,7,"[11, 15, 26, 6, 17, 12, 30]"
496,7,"[11, 18, 20, 22, 24, 12, 11]"
497,8,"[18, 18, 24, 12, 5, 20, 5, 15]"
498,7,"[21, 15, 24, 14, 21, 14, 9]"
499,8,"[15, 29, 12, 4, 21, 19, 13, 4]"
500,6,"[18, 11, 28, 24, 25, 12]"
501,8,"[14, 31, 19, 18, 3, 12, 14, 6]"
502,8,"[11, 19, 32, 14, 13, 15, 4, 9]"
503,7,"[17, 27, 10, 17, 18, 21, 8]"
504,9,"[11, 15, 12, 19, 19, 12, 5, 6, 17]"
505,9,"[16, 12, 15, 20, 6, 21, 6, 15, 5]"
506,6,"[23, 21, 17, 12, 18, 28]"
507,8,"[35, 7, 16, 14, 11, 20, 5, 9]"
508,8,"[22, 15, 30, 7, 14, 18, 4, 7]"
509,6,"[13, 19, 30, 15, 25, 17]"
510,10,"[11, 12, 16, 18, 11, 8, 13, 3, 16, 7]"
511,6,"[14, 15, 18, 25, 14, 33]"
512,6,"[42, 19, 26, 3, 18, 11]"
513,7,"[16, 32, 19, 14, 21, 5, 11]"
514,8,"[12, 13, 23, 16, 13, 5, 24, 11]"
515,8,"[14, 18, 13, 14, 11, 19, 22, 6]"
516,5,"[20, 37, 28, 26, 9]"
517,8,"[11, 27, 29, 10, 10, 17, 8, 5]"
518,9,"[19, 20, 10, 14, 13, 17, 5, 12, 6]"
519,8,"[15, 19, 16, 12, 15, 17, 12, 11]"
520,8,"[14, 21, 11, 15, 12, 17, 18, 9]"
521,7,"[14, 34, 17, 19, 20, 6, 8]"
522,8,"[16, 18, 21, 16, 17, 14, 10, 5]"
523,6,"[17, 30, 23, 20, 14, 15]"
524,8,"[16, 17, 16, 11, 17, 10, 23, 7]"
525,7,"[26, 19, 35, 7, 10, 14, 7]"
526,6,"[27, 20, 24, 15, 5, 28]"
527,7,"[12, 20, 17, 19, 14, 13, 23]"
528,6,"[21, 27, 12, 28, 6, 25]"
529,8,"[13, 13, 17, 8, 22, 14, 23, 7]"
530,7,"[11, 13, 24, 25, 23, 8, 14]"
531,8,"[22, 16, 24, 14, 17, 3, 14, 7]"
532,6,"[15, 30, 31, 20, 5, 17]"
533,6,"[11, 28, 24, 13, 20, 22]"
534,9,"[14, 9, 15, 12, 15, 11, 22, 11, 7]"
535,7,"[11, 21, 29, 13, 20, 8, 15]"
536,8,"[12, 11, 24, 20, 13, 22, 8, 7]"
537,8,"[16, 16, 26, 13, 15, 10, 11, 10]"
538,7,"[28, 13, 5, 17, 17, 22, 15]"
539,7,"[19, 29, 12, 22, 19, 4, 13]"
540,7,"[15, 16, 5, 29, 18, 11, 24]"
541,8,"[19, 22, 27, 14, 13, 3, 12, 7]"
542,9,"[10, 18, 8, 17, 14, 19, 5, 6, 18]"
543,6,"[24, 34, 19, 12, 16, 14]"
544,9,"[10, 13, 15, 17, 15, 5, 19, 12, 9]"
545,9,"[12, 11, 17, 15, 15, 11, 7, 5, 22]"
546,8,"[11, 15, 17, 7, 16, 18, 14, 19]"
547,9,"[13, 12, 17, 19, 9, 18, 9, 5, 14]"
548,7,"[14, 29, 10, 16, 7, 21, 20]"
549,8,"[11, 22, 13, 19, 13, 14, 15, 10]"
550,9,"[11, 10, 13, 18, 6, 16, 15, 5, 22]"
551,10,"[13, 9, 11, 14, 11, 16, 24, 3, 5, 9]"
552,9,"[12, 30, 18, 8, 12, 18, 5, 6, 7]"
553,6,"[19, 15, 22, 24, 26, 12]"
554,9,"[18, 13, 7, 4, 24, 11, 20, 5, 14]"
555,5,"[22, 29, 25, 36, 7]"
556,8,"[12, 16, 23, 19, 14, 18, 8, 7]"
557,7,"[16, 36, 18, 17, 5, 19, 7]"
558,6,"[17, 23, 8, 33, 20, 17]"
559,7,"[34, 17, 23, 5, 22, 7, 10]"
560,6,"[20, 39, 10, 35, 8, 7]"
561,7,"[14, 28, 13, 22, 17, 17, 7]"
562,7,"[25, 11, 17, 24, 17, 9, 15]"
563,8,"[18, 11, 5, 25, 8, 26, 19, 5]"
564,7,"[16, 19, 21, 17, 19, 7, 19]"
565,8,"[14, 30, 24, 16, 10, 5, 8, 10]"
566,8,"[15, 18, 29, 20, 5, 8, 5, 17]"
567,6,"[23, 12, 16, 11, 34, 22]"
568,8,"[12, 29, 14, 11, 12, 26, 3, 10]"
569,7,"[18, 15, 32, 11, 13, 22, 7]"
570,7,"[16, 23, 22, 20, 13, 6, 18]"
571,8,"[11, 15, 10, 17, 15, 15, 18, 15]"
572,8,"[11, 15, 18, 20, 6, 30, 5, 11]"
573,8,"[14, 27, 19, 6, 17, 15, 6, 13]"
574,8,"[17, 26, 7, 28, 10, 5, 16, 8]"
575,8,"[10, 20, 9, 22, 19, 23, 7, 7]"
576,6,"[38, 26, 19, 19, 9, 8]"
577,6,"[14, 19, 20, 25, 13, 27]"
578,7,"[23, 17, 5, 19, 12, 24, 17]"
579,8,"[11, 12, 17, 19, 9, 20, 17, 12]"
580,7,"[15, 15, 29, 16, 20, 13, 10]"
581,8,"[16, 21, 14, 22, 6, 3, 18, 17]"
582,9,"[13, 20, 5, 19, 17, 13, 15, 5, 9]"
583,8,"[19, 16, 20, 19, 13, 5, 11, 14]"
584,9,"[14, 9, 12, 15, 15, 10, 20, 14, 7]"
585,8,"[12, 18, 19, 22, 21, 9, 5, 11]"
586,5,"[16, 20, 38, 16, 29]"
1,11,"[5, 5, 7, 7, 10, 6, 15, 17, 11, 15, 16]"
2,10,"[6, 10, 11, 8, 15, 11, 15, 17, 11, 11]"
3,8,"[12, 7, 16, 14, 10, 25, 14, 19]"
4,9,"[6, 10, 10, 19, 12, 18, 17, 16, 8]"
5,11,"[5, 14, 10, 12, 8, 14, 12, 11, 12, 4, 12]"
6,9,"[8, 22, 11, 16, 2, 12, 12, 18, 15]"
7,8,"[14, 13, 21, 14, 7, 19, 17, 12]"
8,9,"[12, 16, 9, 18, 10, 14, 17, 12, 8]"
9,9,"[18, 14, 19, 13, 14, 13, 8, 6, 11]"
10,8,"[11, 13, 26, 16, 16, 21, 5, 9]"
11,9,"[16, 15, 10, 16, 19, 17, 7, 10, 6]"
12,8,"[23, 13, 31, 15, 9, 11, 10, 5]"
13,8,"[21, 13, 11, 15, 17, 9, 19, 11]"
14,9,"[19, 20, 23, 11, 5, 8, 11, 10, 9]"
15,9,"[10, 13, 19, 18, 6, 17, 14, 12, 7]"
16,9,"[18, 13, 11, 16, 20, 13, 3, 12, 10]"
17,7,"[20, 22, 22, 17, 6, 13, 18]"
18,9,"[11, 26, 16, 5, 10, 9, 16, 11, 11]"
19,8,"[17, 31, 6, 15, 17, 6, 16, 9]"
20,9,"[17, 12, 5, 12, 16, 16, 19, 5, 14]"
21,8,"[27, 10, 11, 19, 13, 10, 17, 10]"
22,8,"[17, 26, 9, 20, 9, 13, 13, 10]"
23,8,"[21, 28, 15, 4, 14, 9, 13, 13]"
24,5,"[46, 28, 19, 14, 12]"
25,10,"[15, 2, 21, 15, 5, 16, 10, 17, 8, 6]"
26,9,"[12, 14, 13, 6, 19, 17, 13, 14, 7]"
27,7,"[23, 17, 19, 4, 21, 18, 16]"
28,7,"[20, 16, 5, 11, 24, 21, 21]"
29,7,"[18, 20, 10, 15, 18, 22, 14]"
30,10,"[15, 15, 6, 9, 20, 10, 10, 11, 8, 11]"
31,8,"[17, 20, 15, 12, 23, 13, 9, 8]"
32,7,"[25, 15, 13, 12, 18, 21, 14]"
33,9,"[21, 14, 14, 16, 16, 7, 12, 9, 7]"
34,8,"[15, 6, 26, 16, 22, 8, 12, 12]"
35,8,"[14, 30, 23, 15, 5, 13, 11, 6]"
36,9,"[18, 17, 6, 13, 19, 11, 14, 9, 9]"
37,6,"[18, 24, 32, 20, 16, 9]"
38,7,"[14, 18, 17, 10, 13, 14, 32]"
39,9,"[17, 17, 5, 6, 19, 10, 15, 19, 8]"
40,8,"[16, 18, 22, 14, 15, 10, 15, 7]"
41,6,"[28, 9, 19, 25, 25, 12]"
42,7,"[13, 26, 24, 5, 17, 22, 11]"
43,8,"[8, 22, 21, 20, 12, 8, 18, 8]"
44,9,"[14, 11, 6, 13, 13, 19, 15, 9, 16]"
45,7,"[18, 17, 13, 21, 22, 13, 13]"
46,9,"[13, 8, 19, 17, 13, 9, 15, 9, 13]"
47,7,"[20, 13, 13, 31, 9, 13, 18]"
48,8,"[21, 11, 18, 21, 11, 13, 13, 9]"
49,6,"[32, 22, 28, 8, 14, 14]"
50,8,"[8, 11, 17, 20, 16, 6, 21, 18]"
51,8,"[19, 17, 7, 17, 15, 18, 12, 12]"
52,8,"[17, 16, 25, 14, 16, 12, 11, 6]"
53,8,"[17, 34, 18, 11, 12, 14, 5, 6]"
54,9,"[6, 15, 13, 12, 19, 14, 15, 11, 11]"
55,7,"[20, 20, 28, 15, 14, 13, 8]"
56,8,"[14, 17, 16, 20, 16, 12, 10, 12]"
57,9,"[13, 5, 14, 17, 9, 14, 25, 9, 10]"
58,8,"[15, 6, 11, 21, 19, 16, 17, 12]"
59,5,"[24, 25, 20, 36, 14]"
60,5,"[21, 43, 22, 15, 19]"
61,8,"[14, 8, 13, 17, 12, 29, 10, 14]"
62,9,"[9, 16, 13, 17, 21, 11, 11, 11, 7]"
63,8,"[26, 7, 16, 13, 16, 10, 16, 13]"
64,6,"[13, 26, 24, 15, 31, 10]"
65,7,"[17, 4, 11, 23, 16, 24, 23]"
66,6,"[18, 5, 18, 32, 13, 32]"
67,7,"[26, 25, 6, 20, 17, 17, 7]"
68,6,"[30, 21, 31, 18, 15, 4]"
69,8,"[18, 21, 5, 14, 16, 14, 9, 19]"
70,8,"[15, 21, 6, 22, 18, 13, 10, 12]"
71,8,"[8, 23, 15, 11, 19, 14, 11, 15]"
72,6,"[15, 23, 30, 16, 19, 16]"
73,8,"[16, 5, 9, 20, 11, 26, 20, 9]"
74,7,"[16, 15, 13, 15, 18, 29, 12]"
75,6,"[16, 27, 14, 28, 17, 17]"
76,7,"[18, 19, 17, 17, 16, 18, 13]"
77,8,"[14, 8, 12, 20, 16, 11, 14, 22]"
78,7,"[20, 15, 15, 21, 17, 17, 13]"
79,6,"[24, 19, 13, 35, 17, 11]"
80,6,"[5, 17, 31, 21, 28, 17]"
81,8,"[14, 24, 20, 14, 16, 16, 7, 6]"
82,8,"[19, 8, 20, 12, 14, 15, 13, 15]"
83,7,"[22, 24, 12, 22, 15, 12, 11]"
84,9,"[10, 15, 15, 5, 18, 17, 16, 8, 12]"
85,8,"[11, 10, 27, 19, 19, 14, 9, 8]"
86,9,"[17, 6, 12, 6, 16, 16, 13, 12, 17]"
87,6,"[25, 8, 31, 19, 19, 16]"
88,7,"[8, 14, 23, 15, 20, 19, 19]"
89,8,"[6, 24, 27, 12, 11, 13, 17, 7]"
90,6,"[20, 20, 26, 23, 18, 12]"
91,7,"[26, 24, 20, 11, 16, 14, 7]"
92,8,"[9, 20, 19, 17, 14, 8, 20, 10]"
93,6,"[26, 21, 18, 20, 17, 17]"
94,8,"[12, 15, 13, 14, 9, 22, 13, 19]"
95,6,"[14, 21, 16, 28, 22, 18]"
96,7,"[19, 16, 26, 13, 11, 19, 14]"
97,8,"[12, 24, 10, 13, 25, 13, 11, 9]"
98,5,"[37, 24, 19, 24, 16]"
99,7,"[13, 17, 17, 23, 22, 9, 17]"
100,7,"[14, 29, 25, 15, 17, 12, 6]"
101,8,"[6, 25, 17, 19, 16, 5, 16, 13]"
102,8,"[13, 11, 20, 24, 15, 13, 15, 6]"
103,9,"[12, 18, 11, 17, 9, 13, 16, 7, 13]"
104,5,"[30, 27, 29, 16, 18]"
105,7,"[7, 17, 24, 22, 18, 20, 10]"
106,6,"[20, 17, 14, 12, 27, 29]"
107,7,"[8, 15, 22, 19, 23, 18, 13]"
108,9,"[6, 7, 13, 15, 26, 7, 19, 13, 10]"
109,7,"[16, 8, 24, 15, 20, 24, 11]"
110,8,"[24, 16, 15, 17, 12, 17, 9, 7]"
111,8,"[6, 25, 14, 29, 7, 16, 13, 7]"
112,8,"[11, 22, 12, 15, 16, 15, 16, 10]"
113,8,"[11, 23, 17, 12, 11, 15, 13, 15]"
114,7,"[13, 18, 28, 14, 13, 15, 16]"
115,5,"[13, 31, 35, 24, 17]"
116,8,"[6, 17, 23, 20, 11, 20, 6, 13]"
117,7,"[22, 26, 14, 15, 14, 9, 18]"
118,6,"[10, 22, 19, 35, 17, 16]"
119,7,"[7, 16, 18, 18, 24, 21, 13]"
120,9,"[9, 13, 10, 11, 14, 12, 16, 17, 13]"
121,6,"[28, 26, 29, 19, 7, 10]"
122,8,"[6, 12, 16, 10, 16, 23, 13, 20]"
123,7,"[17, 19, 9, 14, 32, 16, 11]"
124,6,"[6, 19, 18, 21, 27, 27]"
125,9,"[13, 6, 16, 18, 8, 19, 15, 9, 12]"
126,8,"[10, 21, 16, 11, 30, 9, 12, 8]"
127,7,"[7, 9, 27, 29, 17, 9, 20]"
128,7,"[11, 13, 14, 20, 19, 16, 24]"
129,6,"[19, 17, 24, 29, 18, 11]"
130,8,"[4, 13, 13, 15, 20, 17, 14, 21]"
131,7,"[13, 29, 20, 19, 9, 17, 11]"
132,9,"[5, 11, 15, 20, 15, 16, 13, 12, 9]"
133,6,"[26, 16, 11, 34, 20, 12]"
134,9,"[5, 16, 8, 13, 16, 16, 10, 21, 11]"
135,7,"[7, 12, 25, 20, 15, 18, 21]"
136,9,"[4, 8, 16, 11, 15, 19, 15, 14, 14]"
137,7,"[16, 37, 16, 18, 10, 15, 6]"
138,7,"[7, 17, 19, 17, 24, 21, 13]"
139,8,"[12, 22, 13, 14, 13, 16, 12, 15]"
140,6,"[8, 32, 23, 19, 21, 16]"
141,8,"[5, 12, 19, 18, 14, 13, 22, 13]"
142,8,"[11, 32, 13, 18, 12, 18, 8, 5]"
143,6,"[22, 21, 20, 22, 11, 23]"
144,7,"[20, 5, 19, 16, 12, 20, 26]"
145,8,"[10, 7, 18, 16, 10, 16, 26, 14]"
146,8,"[9, 17, 13, 12, 24, 20, 7, 15]"
147,6,"[17, 15, 26, 14, 23, 23]"
148,6,"[11, 12, 17, 32, 30, 16]"
149,7,"[15, 10, 17, 21, 25, 18, 12]"
150,9,"[7, 20, 18, 11, 14, 11, 12, 10, 13]"
151,9,"[6, 14, 15, 16, 21, 12, 15, 9, 8]"
152,6,"[22, 24, 33, 17, 12, 11]"
153,6,"[13, 30, 21, 24, 17, 14]"
154,7,"[24, 16, 21, 16, 21, 12, 8]"
155,6,"[17, 15, 17, 21, 30, 18]"
156,7,"[11, 22, 13, 22, 18, 19, 13]"
157,9,"[6, 16, 13, 9, 12, 23, 20, 7, 10]"
158,7,"[10, 16, 18, 22, 18, 19, 15]"
159,5,"[41, 29, 18, 17, 15]"
160,7,"[13, 24, 11, 20, 22, 15, 12]"
161,7,"[20, 17, 19, 23, 15, 14, 10]"
162,6,"[11, 22, 25, 31, 11, 18]"
163,7,"[12, 11, 17, 19, 25, 13, 21]"
164,7,"[12, 15, 11, 29, 19, 14, 18]"
165,7,"[20, 22, 8, 20, 19, 12, 17]"
166,7,"[5, 18, 24, 17, 22, 16, 16]"
167,8,"[18, 15, 18, 14, 18, 6, 19, 8]"
168,7,"[21, 25, 11, 26, 19, 9, 7]"
169,6,"[9, 17, 14, 25, 32, 21]"
170,7,"[15, 15, 20, 23, 17, 14, 14]"
171,7,"[17, 9, 15, 25, 22, 15, 15]"
172,7,"[17, 18, 8, 24, 19, 20, 12]"
173,7,"[14, 15, 23, 13, 28, 17, 8]"
174,7,"[9, 17, 29, 24, 12, 14, 13]"
175,7,"[16, 15, 21, 25, 19, 11, 11]"
176,8,"[5, 16, 21, 20, 11, 14, 17, 13]"
177,8,"[6, 11, 18, 17, 12, 17, 12, 24]"
178,8,"[8, 24, 19, 14, 16, 15, 11, 10]"
179,7,"[13, 11, 22, 16, 21, 25, 9]"
180,6,"[12, 32, 28, 17, 20, 10]"
181,7,"[8, 18, 19, 17, 23, 21, 11]"
182,8,"[5, 20, 17, 16, 16, 12, 17, 14]"
183,8,"[6, 14, 15, 19, 18, 16, 16, 13]"
184,8,"[16, 15, 8, 27, 17, 17, 12, 5]"
185,5,"[10, 27, 46, 18, 18]"
186,6,"[24, 17, 25, 29, 15, 9]"
187,6,"[15, 20, 22, 26, 9, 27]"
188,6,"[33, 17, 20, 20, 7, 21]"
189,6,"[13, 24, 36, 14, 16, 16]"
190,6,"[15, 40, 21, 12, 16, 14]"
191,7,"[16, 21, 15, 28, 17, 14, 7]"
192,7,"[5, 16, 23, 14, 24, 16, 19]"
193,7,"[6, 27, 17, 13, 20, 23, 12]"
194,6,"[7, 13, 17, 29, 14, 38]"
195,8,"[13, 18, 23, 15, 8, 13, 15, 12]"
196,7,"[4, 22, 9, 29, 20, 19, 15]"
197,7,"[17, 13, 9, 29, 17, 20, 13]"
198,6,"[18, 14, 19, 34, 17, 17]"
199,7,"[6, 14, 17, 21, 27, 18, 15]"
200,8,"[7, 21, 18, 8, 24, 16, 11, 12]"
201,8,"[11, 9, 15, 20, 16, 13, 18, 15]"
202,8,"[4, 13, 18, 11, 25, 21, 16, 9]"
203,8,"[5, 12, 20, 12, 27, 16, 16, 9]"
204,8,"[9, 16, 10, 17, 17, 16, 17, 15]"
205,7,"[20, 15, 20, 20, 19, 13, 11]"
206,7,"[22, 17, 17, 14, 18, 14, 16]"
207,6,"[21, 20, 15, 28, 24, 10]"
208,7,"[30, 18, 11, 19, 15, 9, 16]"
209,7,"[9, 9, 25, 21, 15, 17, 22]"
210,9,"[8, 8, 10, 27, 15, 16, 14, 10, 8]"
211,8,"[9, 21, 15, 26, 18, 12, 9, 7]"
212,7,"[16, 11, 31, 19, 18, 12, 11]"
213,6,"[21, 10, 24, 25, 21, 17]"
214,7,"[5, 16, 17, 17, 30, 18, 15]"
215,7,"[5, 11, 29, 19, 15, 18, 21]"
216,9,"[7, 13, 5, 17, 23, 20, 15, 8, 8]"
217,7,"[18, 21, 32, 12, 13, 10, 12]"
218,7,"[7, 16, 19, 20, 21, 20, 15]"
219,8,"[12, 16, 12, 22, 16, 16, 18, 5]"
220,8,"[12, 17, 23, 20, 14, 15, 6, 10]"
221,8,"[7, 8, 15, 14, 24, 16, 19, 14]"
222,7,"[22, 23, 12, 23, 20, 7, 11]"
223,6,"[12, 22, 16, 19, 25, 25]"
224,7,"[8, 24, 12, 17, 13, 18, 25]"
225,7,"[8, 15, 17, 17, 21, 23, 17]"
226,9,"[9, 15, 22, 14, 17, 12, 7, 13, 7]"
227,5,"[22, 19, 47, 14, 17]"
228,7,"[13, 18, 16, 22, 17, 18, 14]"
229,6,"[11, 13, 20, 40, 19, 15]"
230,7,"[20, 19, 25, 14, 13, 13, 14]"
231,7,"[15, 29, 28, 10, 13, 10, 13]"
232,7,"[12, 8, 22, 29, 18, 15, 13]"
233,6,"[9, 29, 24, 28, 19, 10]"
234,8,"[8, 17, 13, 26, 16, 14, 14, 8]"
235,8,"[12, 15, 25, 22, 11, 15, 6, 10]"
236,9,"[14, 6, 14, 13, 22, 11, 18, 11, 7]"
237,7,"[19, 19, 16, 19, 20, 13, 12]"
238,6,"[18, 25, 22, 14, 23, 16]"
239,6,"[16, 14, 16, 37, 24, 12]"
240,8,"[4, 7, 25, 16, 17, 24, 12, 12]"
241,7,"[19, 17, 15, 22, 12, 16, 17]"
242,7,"[21, 16, 10, 18, 22, 17, 14]"
243,7,"[13, 18, 27, 14, 18, 16, 11]"
244,6,"[16, 12, 35, 17, 26, 13]"
245,8,"[13, 12, 17, 20, 14, 23, 7, 11]"
246,8,"[15, 8, 21, 18, 24, 9, 14, 8]"
247,8,"[9, 17, 10, 18, 16, 17, 19, 11]"
248,8,"[10, 13, 8, 20, 24, 17, 17, 8]"
249,8,"[12, 13, 12, 20, 23, 10, 16, 10]"
250,8,"[9, 9, 16, 17, 29, 17, 10, 10]"
251,7,"[6, 12, 17, 26, 28, 18, 11]"
252,8,"[21, 9, 16, 9, 28, 15, 14, 5]"
253,6,"[15, 19, 30, 27, 15, 13]"
254,5,"[21, 22, 17, 29, 31]"
255,6,"[20, 17, 12, 29, 19, 22]"
256,8,"[22, 20, 12, 14, 13, 20, 10, 6]"
257,5,"[13, 20, 31, 29, 26]"
258,5,"[15, 23, 40, 14, 27]"
259,9,"[6, 8, 16, 19, 15, 11, 19, 10, 12]"
260,7,"[17, 13, 27, 10, 17, 18, 16]"
261,8,"[10, 11, 16, 13, 31, 11, 9, 16]"
262,8,"[19, 18, 18, 21, 15, 13, 7, 6]"
263,7,"[16, 25, 13, 18, 18, 16, 11]"
264,5,"[26, 19, 28, 21, 26]"
265,7,"[12, 20, 20, 17, 21, 20, 8]"
266,7,"[13, 25, 14, 13, 21, 9, 23]"
267,8,"[18, 13, 17, 12, 25, 13, 10, 9]"
268,7,"[5, 35, 15, 19, 13, 12, 18]"
269,7,"[11, 17, 26, 31, 11, 12, 10]"
270,8,"[11, 21, 12, 23, 19, 18, 7, 6]"
271,8,"[5, 21, 12, 24, 19, 12, 11, 13]"
272,9,"[10, 10, 11, 7, 21, 18, 18, 14, 7]"
273,7,"[16, 19, 19, 13, 26, 13, 12]"
274,6,"[18, 29, 14, 24, 20, 14]"
275,8,"[19, 10, 9, 25, 20, 8, 11, 15]"
276,7,"[18, 19, 25, 14, 22, 13, 7]"
277,7,"[8, 19, 16, 16, 28, 18, 13]"
278,8,"[6, 14, 17, 21, 20, 21, 11, 7]"
279,8,"[4, 19, 18, 18, 15, 22, 11, 10]"
280,7,"[15, 26, 14, 24, 12, 12, 14]"
281,8,"[8, 11, 17, 17, 17, 17, 17, 13]"
282,4,"[26, 37, 31, 26]"
283,7,"[8, 18, 19, 24, 23, 16, 10]"
284,7,"[24, 27, 18, 11, 14, 11, 13]"
285,4,"[29, 25, 35, 32]"
286,5,"[9, 27, 25, 26, 32]"
287,6,"[18, 16, 25, 29, 16, 15]"
288,6,"[7, 33, 20, 18, 19, 21]"
289,7,"[5, 20, 20, 23, 26, 14, 10]"
290,9,"[5, 15, 10, 13, 12, 22, 12, 13, 14]"
291,9,"[15, 5, 6, 25, 8, 16, 15, 14, 12]"
292,7,"[7, 12, 19, 19, 22, 25, 14]"
293,7,"[17, 18, 14, 15, 22, 18, 14]"
294,8,"[8, 7, 13, 22, 15, 12, 20, 20]"
295,7,"[19, 9, 18, 34, 10, 14, 14]"
296,8,"[18, 17, 13, 18, 19, 6, 13, 13]"
297,7,"[6, 17, 22, 18, 17, 21, 17]"
298,7,"[8, 19, 26, 30, 18, 12, 5]"
299,7,"[6, 19, 23, 19, 16, 23, 12]"
300,8,"[10, 15, 19, 11, 12, 16, 22, 12]"
301,6,"[24, 9, 19, 29, 16, 22]"
302,9,"[4, 14, 14, 26, 12, 16, 11, 14, 5]"
303,8,"[10, 10, 5, 28, 17, 20, 13, 14]"
304,7,"[15, 23, 15, 26, 17, 14, 8]"
305,8,"[19, 21, 17, 9, 12, 16, 7, 16]"
306,7,"[4, 14, 11, 20, 20, 24, 24]"
307,7,"[11, 18, 29, 16, 20, 15, 9]"
308,7,"[8, 6, 13, 15, 17, 25, 34]"
309,6,"[13, 14, 23, 12, 30, 27]"
310,8,"[7, 13, 10, 17, 27, 12, 19, 12]"
311,7,"[10, 15, 16, 19, 19, 27, 12]"
312,6,"[20, 14, 26, 19, 16, 24]"
313,8,"[8, 5, 14, 6, 29, 19, 23, 13]"
314,8,"[13, 14, 9, 26, 21, 15, 13, 6]"
315,9,"[6, 7, 22, 19, 14, 12, 12, 12, 12]"
316,8,"[17, 14, 24, 15, 17, 13, 9, 8]"
317,8,"[19, 16, 11, 14, 17, 21, 11, 8]"
318,6,"[22, 21, 21, 10, 22, 23]"
319,7,"[10, 14, 11, 27, 20, 25, 11]"
320,7,"[10, 22, 27, 10, 15, 16, 18]"
321,5,"[21, 15, 21, 29, 33]"
322,6,"[11, 17, 34, 21, 12, 23]"
323,7,"[6, 15, 16, 27, 23, 16, 15]"
324,8,"[13, 9, 17, 13, 16, 19, 21, 9]"
325,7,"[13, 17, 22, 17, 20, 20, 9]"
326,7,"[5, 13, 19, 19, 14, 18, 29]"
327,8,"[6, 5, 15, 15, 20, 23, 15, 18]"
328,8,"[7, 18, 20, 18, 18, 15, 6, 15]"
329,9,"[8, 16, 11, 12, 12, 15, 15, 17, 10]"
330,8,"[26, 10, 15, 19, 15, 13, 11, 8]"
331,6,"[25, 20, 16, 20, 20, 18]"
332,7,"[14, 12, 12, 22, 23, 14, 20]"
333,6,"[22, 25, 27, 17, 18, 10]"
334,7,"[11, 17, 29, 26, 12, 11, 12]"
335,7,"[17, 21, 16, 23, 18, 12, 11]"
336,6,"[22, 24, 22, 14, 23, 14]"
337,7,"[22, 14, 21, 17, 18, 16, 10]"
338,7,"[24, 18, 23, 15, 20, 8, 10]"
339,6,"[20, 21, 22, 12, 24, 20]"
340,8,"[9, 17, 12, 23, 19, 18, 9, 10]"
341,7,"[8, 19, 13, 29, 17, 12, 20]"
342,8,"[10, 22, 22, 8, 24, 16, 8, 7]"
343,7,"[18, 14, 10, 31, 15, 18, 12]"
344,7,"[11, 14, 29, 14, 24, 15, 11]"
345,7,"[6, 17, 12, 20, 17, 24, 22]"
346,8,"[20, 22, 13, 17, 11, 12, 10, 12]"
347,7,"[9, 23, 25, 17, 18, 11, 14]"
348,6,"[21, 33, 16, 19, 16, 14]"
349,6,"[14, 34, 28, 22, 16, 5]"
350,9,"[8, 7, 12, 13, 15, 18, 15, 17, 11]"
351,7,"[9, 15, 14, 18, 29, 19, 14]"
352,7,"[8, 21, 25, 16, 22, 13, 13]"
353,6,"[20, 17, 18, 21, 20, 23]"
354,9,"[9, 9, 17, 22, 11, 21, 11, 7, 9]"
355,6,"[16, 14, 24, 31, 23, 11]"
356,7,"[21, 26, 15, 16, 13, 13, 14]"
357,5,"[20, 34, 31, 20, 15]"
358,7,"[14, 21, 29, 17, 17, 11, 9]"
359,6,"[14, 23, 25, 24, 17, 16]"
360,8,"[14, 25, 14, 8, 19, 6, 15, 16]"
361,9,"[15, 23, 12, 9, 10, 13, 16, 13, 5]"
362,7,"[5, 11, 12, 22, 23, 16, 29]"
363,7,"[7, 23, 19, 14, 25, 16, 13]"
364,7,"[21, 26, 15, 13, 11, 20, 12]"
365,6,"[20, 22, 26, 24, 14, 13]"
366,7,"[16, 19, 13, 16, 18, 16, 20]"
367,7,"[16, 15, 13, 16, 14, 30, 14]"
368,8,"[8, 8, 24, 17, 14, 13, 14, 19]"
369,7,"[8, 22, 28, 18, 15, 9, 18]"
370,6,"[30, 23, 19, 22, 9, 16]"
371,7,"[6, 12, 6, 23, 31, 19, 21]"
372,7,"[13, 27, 17, 19, 17, 15, 10]"
373,8,"[13, 10, 11, 27, 15, 18, 13, 10]"
374,8,"[12, 11, 15, 18, 17, 17, 13, 14]"
375,8,"[15, 15, 11, 12, 21, 17, 15, 11]"
376,8,"[12, 15, 19, 10, 20, 16, 15, 10]"
377,7,"[15, 18, 18, 21, 19, 18, 9]"
378,9,"[9, 15, 19, 10, 14, 13, 19, 8, 9]"
379,8,"[11, 5, 18, 18, 20, 15, 15, 15]"
380,7,"[13, 14, 31, 20, 12, 13, 15]"
381,9,"[9, 14, 19, 9, 13, 16, 13, 14, 9]"
382,8,"[4, 17, 14, 5, 24, 16, 19, 18]"
383,6,"[13, 23, 22, 31, 19, 11]"
384,8,"[8, 13, 12, 14, 19, 18, 22, 11]"
385,8,"[14, 13, 18, 11, 21, 13, 12, 15]"
386,7,"[9, 27, 29, 13, 17, 13, 10]"
387,6,"[18, 19, 18, 25, 25, 13]"
388,7,"[21, 7, 19, 18, 24, 15, 14]"
389,7,"[6, 18, 16, 25, 17, 23, 13]"
390,7,"[8, 16, 23, 19, 17, 22, 13]"
391,7,"[13, 8, 23, 28, 18, 14, 14]"
392,8,"[4, 12, 19, 23, 25, 16, 10, 8]"
393,7,"[10, 17, 15, 20, 23, 20, 13]"
394,6,"[14, 17, 22, 21, 21, 24]"
395,7,"[14, 12, 12, 20, 22, 18, 19]"
396,7,"[13, 17, 13, 26, 22, 13, 14]"
397,8,"[6, 8, 14, 34, 17, 17, 15, 6]"
398,6,"[14, 27, 20, 21, 24, 12]"
399,7,"[13, 28, 22, 25, 11, 10, 9]"
400,6,"[9, 19, 34, 23, 20, 14]"
401,9,"[14, 13, 16, 12, 12, 16, 15, 11, 7]"
402,7,"[6, 21, 27, 13, 17, 20, 13]"
403,9,"[16, 17, 13, 12, 11, 10, 12, 9, 16]"
404,6,"[17, 23, 20, 27, 25, 7]"
405,7,"[21, 12, 20, 23, 16, 16, 10]"
406,7,"[5, 19, 24, 16, 13, 26, 14]"
407,6,"[24, 10, 18, 23, 24, 20]"
408,6,"[24, 30, 22, 14, 17, 11]"
409,7,"[8, 19, 36, 20, 12, 7, 16]"
410,9,"[12, 13, 10, 11, 15, 14, 13, 14, 14]"
411,9,"[9, 17, 15, 15, 7, 19, 13, 6, 15]"
412,8,"[11, 24, 16, 14, 13, 19, 9, 11]"
413,7,"[14, 17, 21, 19, 18, 20, 9]"
414,6,"[24, 22, 15, 24, 13, 21]"
415,7,"[11, 23, 13, 23, 18, 16, 14]"
416,7,"[10, 16, 23, 31, 14, 7, 17]"
417,8,"[10, 15, 11, 22, 20, 15, 15, 9]"
418,7,"[19, 17, 21, 18, 15, 13, 15]"
419,9,"[12, 9, 11, 21, 7, 19, 12, 16, 9]"
420,6,"[19, 17, 16, 32, 16, 19]"
421,9,"[16, 19, 14, 11, 12, 15, 14, 5, 10]"
422,8,"[6, 12, 7, 17, 21, 17, 20, 17]"
423,9,"[14, 16, 22, 10, 14, 11, 12, 6, 11]"
424,8,"[6, 10, 14, 13, 30, 12, 18, 14]"
425,9,"[5, 16, 14, 26, 10, 10, 13, 8, 14]"
426,6,"[17, 34, 17, 15, 11, 25]"
427,7,"[5, 6, 25, 24, 20, 21, 17]"
428,7,"[21, 24, 14, 20, 14, 14, 11]"
429,7,"[10, 22, 24, 20, 13, 12, 17]"
430,8,"[14, 12, 15, 16, 16, 17, 16, 11]"
431,7,"[5, 18, 30, 25, 19, 10, 11]"
432,8,"[11, 13, 9, 21, 23, 12, 12, 16]"
433,6,"[25, 17, 6, 24, 21, 26]"
434,10,"[8, 11, 14, 22, 7, 10, 20, 8, 7, 8]"
435,8,"[10, 15, 18, 19, 8, 21, 13, 13]"
436,7,"[16, 18, 25, 18, 17, 17, 7]"
437,6,"[16, 16, 15, 27, 18, 26]"
438,8,"[13, 9, 25, 17, 17, 15, 6, 15]"
439,8,"[5, 17, 8, 26, 17, 16, 18, 10]"
440,8,"[8, 4, 15, 20, 19, 19, 19, 13]"
441,7,"[17, 24, 12, 18, 13, 16, 18]"
442,6,"[21, 31, 19, 14, 16, 18]"
443,8,"[6, 14, 12, 8, 22, 30, 13, 12]"
444,7,"[19, 11, 28, 13, 17, 19, 11]"
445,8,"[15, 11, 12, 9, 16, 16, 21, 17]"
446,7,"[13, 21, 12, 20, 22, 14, 16]"
447,7,"[18, 16, 39, 12, 13, 7, 12]"
448,7,"[14, 24, 13, 15, 25, 13, 14]"
449,8,"[18, 15, 22, 11, 19, 14, 11, 7]"
450,8,"[11, 18, 17, 20, 15, 13, 11, 12]"
451,5,"[17, 23, 16, 41, 23]"
452,9,"[9, 16, 14, 10, 14, 14, 13, 13, 13]"
453,8,"[6, 10, 7, 18, 18, 18, 13, 27]"
454,7,"[7, 19, 25, 18, 18, 13, 18]"
455,7,"[8, 23, 5, 27, 10, 23, 21]"
456,7,"[14, 19, 22, 15, 10, 25, 12]"
457,6,"[27, 19, 19, 17, 22, 15]"
458,6,"[22, 18, 13, 22, 21, 23]"
459,6,"[26, 17, 24, 13, 18, 21]"
460,6,"[17, 14, 17, 21, 25, 25]"
461,9,"[5, 13, 18, 20, 18, 12, 14, 8, 8]"
462,6,"[17, 24, 19, 33, 16, 10]"
463,7,"[7, 15, 24, 32, 7, 21, 11]"
464,6,"[12, 17, 24, 34, 21, 11]"
465,9,"[7, 6, 12, 12, 21, 14, 17, 9, 18]"
466,6,"[15, 14, 25, 29, 22, 14]"
467,9,"[6, 16, 8, 16, 16, 13, 18, 11, 12]"
468,5,"[31, 15, 36, 19, 18]"
469,7,"[22, 20, 21, 14, 19, 10, 12]"
470,7,"[24, 12, 16, 20, 21, 13, 12]"
471,8,"[6, 17, 21, 17, 21, 11, 12, 12]"
472,6,"[13, 34, 23, 21, 17, 11]"
473,7,"[10, 18, 28, 12, 12, 20, 18]"
474,5,"[18, 23, 27, 27, 25]"
475,6,"[27, 33, 18, 13, 15, 13]"
476,9,"[5, 15, 6, 24, 16, 17, 15, 7, 11]"
477,5,"[18, 43, 26, 19, 14]"
478,7,"[8, 16, 19, 19, 11, 23, 22]"
479,8,"[6, 22, 7, 15, 15, 21, 13, 18]"
480,8,"[20, 12, 18, 13, 11, 23, 10, 10]"
481,6,"[12, 13, 26, 20, 25, 23]"
482,8,"[6, 14, 11, 25, 30, 16, 7, 8]"
483,6,"[27, 20, 25, 19, 17, 11]"
484,7,"[21, 13, 11, 20, 15, 24, 13]"
485,9,"[8, 12, 11, 13, 17, 15, 13, 16, 11]"
486,7,"[17, 17, 17, 19, 21, 18, 9]"
487,7,"[15, 16, 19, 23, 12, 17, 16]"
488,8,"[15, 10, 12, 21, 24, 11, 14, 10]"
489,6,"[21, 11, 22, 14, 33, 18]"
490,7,"[12, 17, 22, 12, 15, 17, 23]"
491,7,"[19, 10, 13, 12, 13, 35, 16]"
492,6,"[22, 21, 26, 22, 17, 11]"
493,7,"[16, 24, 16, 21, 15, 11, 15]"
494,7,"[23, 19, 10, 20, 23, 17, 6]"
495,8,"[9, 19, 15, 12, 16, 19, 7, 20]"
496,6,"[19, 27, 29, 20, 7, 17]"
497,8,"[15, 14, 12, 18, 13, 13, 21, 11]"
498,9,"[11, 18, 14, 10, 18, 13, 17, 10, 5]"
499,9,"[6, 16, 20, 13, 11, 18, 14, 10, 8]"
500,7,"[9, 22, 21, 23, 17, 16, 10]"
501,9,"[4, 13, 15, 16, 16, 17, 8, 20, 7]"
502,8,"[5, 9, 20, 14, 26, 15, 13, 14]"
503,7,"[9, 34, 22, 14, 11, 17, 11]"
504,7,"[16, 22, 21, 21, 13, 15, 10]"
505,7,"[22, 17, 13, 15, 22, 16, 12]"
506,7,"[17, 19, 13, 15, 18, 20, 16]"
507,7,"[11, 18, 27, 17, 17, 14, 14]"
508,6,"[18, 15, 17, 31, 22, 15]"
509,8,"[14, 19, 17, 21, 18, 11, 10, 7]"
510,9,"[6, 11, 8, 30, 17, 7, 17, 11, 9]"
511,9,"[9, 7, 16, 9, 13, 12, 16, 17, 17]"
512,7,"[14, 23, 14, 8, 23, 24, 12]"
513,9,"[5, 14, 8, 14, 22, 12, 11, 18, 11]"
514,7,"[8, 11, 19, 28, 24, 18, 10]"
515,7,"[7, 18, 20, 20, 12, 22, 19]"
516,8,"[7, 22, 20, 21, 21, 6, 13, 7]"
517,7,"[21, 16, 7, 24, 16, 12, 22]"
518,7,"[13, 15, 31, 18, 14, 21, 6]"
519,9,"[16, 20, 16, 13, 19, 9, 9, 7, 7]"
520,8,"[5, 13, 17, 14, 12, 19, 24, 13]"
521,8,"[11, 12, 15, 22, 18, 11, 16, 12]"
522,7,"[11, 15, 11, 19, 23, 14, 25]"
523,6,"[9, 34, 21, 17, 20, 18]"
524,7,"[12, 20, 9, 22, 17, 19, 19]"
525,7,"[9, 24, 16, 10, 31, 12, 16]"
526,7,"[8, 25, 19, 21, 14, 12, 19]"
527,8,"[12, 16, 19, 15, 13, 15, 10, 17]"
528,7,"[17, 19, 8, 25, 26, 17, 6]"
529,5,"[17, 37, 30, 16, 20]"
530,9,"[13, 13, 19, 16, 9, 11, 16, 9, 10]"
531,8,"[4, 15, 23, 13, 7, 18, 22, 15]"
532,6,"[9, 20, 24, 14, 27, 25]"
533,7,"[12, 16, 21, 18, 14, 24, 13]"
534,7,"[8, 17, 11, 24, 21, 18, 19]"
535,7,"[12, 14, 17, 18, 30, 11, 16]"
536,8,"[12, 22, 12, 22, 15, 7, 15, 12]"
537,7,"[19, 10, 17, 17, 32, 10, 13]"
538,7,"[22, 10, 17, 24, 16, 14, 15]"
539,6,"[19, 18, 29, 19, 17, 17]"
540,6,"[18, 18, 22, 23, 22, 16]"
541,6,"[19, 17, 17, 18, 23, 25]"
542,6,"[21, 19, 24, 21, 9, 24]"
543,7,"[14, 18, 16, 18, 25, 10, 17]"
544,6,"[15, 24, 24, 22, 14, 20]"
545,8,"[9, 13, 22, 15, 10, 16, 19, 13]"
546,6,"[21, 25, 23, 20, 22, 8]"
547,6,"[16, 30, 18, 28, 11, 16]"
548,6,"[17, 20, 31, 15, 23, 13]"
549,8,"[20, 11, 11, 24, 9, 16, 15, 11]"
550,6,"[21, 21, 21, 25, 16, 15]"
551,9,"[7, 11, 14, 13, 29, 10, 7, 13, 12]"
552,7,"[15, 29, 24, 13, 10, 14, 13]"
553,6,"[13, 24, 14, 29, 22, 17]"
554,8,"[16, 13, 13, 15, 14, 21, 13, 12]"
555,8,"[7, 13, 17, 18, 19, 13, 13, 17]"
556,7,"[17, 21, 17, 18, 15, 17, 13]"
557,7,"[13, 13, 19, 16, 12, 25, 20]"
558,7,"[15, 27, 14, 19, 16, 8, 19]"
559,7,"[13, 17, 22, 21, 12, 19, 14]"
560,7,"[10, 15, 21, 26, 8, 22, 16]"
561,7,"[19, 15, 23, 20, 20, 12, 9]"
562,7,"[17, 26, 13, 21, 6, 19, 16]"
563,7,"[17, 18, 22, 14, 19, 12, 16]"
564,9,"[8, 15, 14, 18, 12, 12, 15, 12, 10]"
565,8,"[21, 12, 15, 19, 14, 14, 16, 6]"
566,6,"[8, 48, 17, 16, 13, 17]"
567,9,"[9, 25, 19, 13, 9, 11, 7, 10, 13]"
568,6,"[12, 15, 25, 24, 21, 22]"
569,9,"[16, 17, 12, 11, 18, 9, 14, 9, 10]"
570,6,"[20, 27, 23, 20, 8, 21]"
571,7,"[5, 24, 18, 14, 23, 13, 21]"
572,6,"[9, 31, 39, 23, 10, 7]"
573,7,"[14, 22, 13, 17, 12, 21, 19]"
574,5,"[24, 31, 35, 18, 12]"
575,7,"[12, 34, 16, 23, 6, 15, 12]"
576,7,"[26, 17, 15, 16, 19, 12, 13]"
577,8,"[5, 12, 16, 15, 12, 31, 14, 11]"
578,8,"[13, 17, 29, 18, 11, 7, 11, 11]"
579,8,"[6, 16, 24, 10, 23, 12, 15, 11]"
580,6,"[25, 13, 19, 23, 23, 16]"
581,6,"[25, 21, 13, 23, 28, 9]"
582,6,"[16, 15, 31, 18, 23, 16]"
583,6,"[19, 27, 20, 22, 18, 13]"
584,7,"[10, 12, 15, 15, 15, 26, 25]"
585,7,"[11, 17, 33, 19, 15, 7, 16]"
586,7,"[16, 20, 14, 15, 20, 17, 16]"
587,8,"[10, 15, 24, 16, 17, 14, 11, 10]"
588,7,"[22, 13, 15, 22, 15, 18, 13]"
589,7,"[18, 22, 17, 18, 16, 13, 14]"
590,8,"[16, 10, 13, 22, 11, 20, 14, 11]"
591,7,"[14, 24, 14, 21, 25, 7, 13]"
592,8,"[14, 11, 11, 12, 20, 19, 17, 13]"
593,7,"[12, 15, 26, 13, 13, 22, 17]"
594,6,"[21, 7, 18, 35, 20, 18]"
595,8,"[10, 16, 17, 24, 13, 8, 13, 16]"
596,7,"[21, 19, 14, 15, 13, 17, 18]"
597,5,"[16, 17, 31, 24, 32]"
598,6,"[19, 29, 28, 16, 9, 18]"
599,7,"[10, 17, 39, 22, 7, 14, 9]"
600,5,"[9, 27, 36, 24, 24]"
601,7,"[18, 15, 20, 20, 16, 13, 16]"
602,8,"[18, 17, 12, 22, 11, 14, 8, 15]"
603,8,"[14, 18, 16, 13, 25, 11, 8, 12]"
604,7,"[14, 20, 20, 12, 14, 17, 21]"
605,7,"[19, 23, 13, 15, 17, 20, 11]"
606,6,"[5, 21, 22, 28, 23, 20]"
607,7,"[7, 9, 25, 12, 26, 24, 15]"
608,5,"[23, 26, 19, 25, 27]"
609,7,"[15, 19, 17, 22, 21, 16, 8]"
610,7,"[9, 18, 24, 19, 20, 11, 17]"
611,8,"[17, 15, 9, 21, 25, 11, 13, 6]"
612,8,"[5, 24, 11, 19, 14, 18, 12, 14]"
613,6,"[15, 23, 21, 31, 16, 13]"
614,5,"[9, 32, 45, 21, 13]"
615,8,"[6, 15, 17, 16, 29, 8, 13, 13]"
616,8,"[14, 27, 11, 18, 12, 9, 17, 9]"
617,7,"[7, 11, 27, 32, 15, 12, 14]"
618,6,"[14, 22, 36, 19, 13, 15]"
619,8,"[14, 14, 12, 15, 10, 26, 16, 10]"
620,7,"[10, 18, 24, 12, 18, 21, 15]"
621,5,"[26, 23, 16, 28, 26]"
622,6,"[22, 32, 15, 19, 14, 17]"
623,9,"[5, 14, 12, 17, 16, 13, 13, 12, 14]"
624,7,"[18, 15, 22, 23, 17, 12, 11]"
625,8,"[11, 16, 9, 15, 16, 18, 17, 15]"
626,7,"[16, 20, 21, 28, 6, 18, 9]"
627,8,"[16, 13, 12, 6, 26, 13, 18, 13]"
628,7,"[13, 23, 30, 12, 10, 17, 13]"
629,6,"[22, 24, 19, 12, 21, 21]"
630,7,"[17, 18, 26, 12, 20, 12, 13]"
631,6,"[23, 24, 19, 20, 16, 17]"
632,7,"[8, 17, 7, 20, 22, 23, 20]"
633,6,"[7, 17, 19, 30, 26, 20]"
634,8,"[17, 6, 14, 25, 11, 12, 18, 14]"
635,8,"[5, 10, 16, 20, 12, 29, 15, 10]"
636,6,"[17, 31, 17, 20, 15, 19]"
637,7,"[15, 15, 13, 21, 22, 14, 18]"
638,8,"[4, 15, 13, 17, 13, 17, 22, 16]"
639,7,"[24, 21, 19, 17, 12, 10, 15]"
640,8,"[15, 15, 16, 12, 23, 15, 13, 8]"
641,6,"[15, 8, 29, 25, 21, 21]"
642,8,"[5, 15, 9, 13, 14, 13, 24, 23]"
643,7,"[19, 13, 16, 29, 16, 15, 10]"
644,8,"[10, 20, 16, 12, 25, 7, 15, 12]"
645,7,"[18, 18, 12, 21, 16, 18, 15]"
646,7,"[14, 25, 12, 24, 19, 12, 11]"
647,8,"[5, 18, 20, 17, 15, 14, 14, 14]"
648,8,"[13, 17, 20, 17, 19, 15, 7, 9]"
649,7,"[6, 27, 17, 21, 22, 13, 12]"
650,9,"[10, 9, 15, 20, 7, 17, 10, 12, 16]"
651,9,"[13, 10, 14, 11, 18, 20, 14, 10, 6]"
652,7,"[18, 15, 25, 13, 14, 18, 15]"
653,8,"[15, 13, 15, 28, 11, 12, 13, 10]"
654,8,"[6, 24, 11, 6, 24, 20, 17, 9]"
655,7,"[18, 11, 20, 20, 17, 17, 15]"
656,8,"[12, 15, 17, 10, 14, 18, 20, 11]"
1,11,"[8, 2, 10, 7, 7, 8, 16, 15, 12, 14, 15]"
2,9,"[8, 15, 12, 7, 12, 12, 11, 18, 21]"
3,9,"[14, 15, 1, 12, 11, 20, 12, 18, 13]"
4,10,"[5, 8, 7, 12, 18, 15, 16, 20, 13, 1]"
5,9,"[5, 16, 9, 16, 14, 18, 15, 13, 9]"
6,8,"[15, 11, 17, 19, 20, 16, 16, 3]"
7,8,"[15, 16, 14, 19, 23, 7, 7, 15]"
8,7,"[19, 17, 23, 15, 9, 16, 19]"
9,8,"[18, 15, 23, 20, 17, 9, 14, 1]"
10,8,"[17, 15, 16, 25, 19, 9, 7, 8]"
11,7,"[14, 18, 21, 21, 17, 22, 5]"
12,8,"[16, 13, 18, 11, 20, 17, 8, 13]"
13,8,"[19, 13, 6, 12, 14, 15, 17, 21]"
14,7,"[19, 35, 7, 16, 11, 13, 16]"
15,7,"[17, 10, 31, 23, 14, 7, 15]"
16,6,"[21, 25, 26, 18, 10, 18]"
17,9,"[18, 21, 21, 9, 10, 8, 15, 12, 2]"
18,8,"[20, 17, 18, 14, 7, 8, 22, 10]"
19,8,"[12, 24, 8, 17, 12, 24, 10, 10]"
20,8,"[22, 20, 21, 9, 12, 21, 11, 1]"
21,9,"[18, 19, 24, 9, 13, 15, 7, 8, 3]"
22,8,"[26, 18, 15, 10, 27, 9, 11, 1]"
23,9,"[13, 7, 11, 18, 25, 8, 6, 14, 13]"
24,8,"[25, 20, 12, 15, 17, 11, 12, 5]"
25,9,"[22, 11, 15, 12, 23, 10, 6, 12, 5]"
26,9,"[17, 5, 7, 12, 14, 16, 13, 13, 19]"
27,8,"[18, 15, 8, 24, 28, 13, 4, 6]"
28,6,"[20, 26, 27, 20, 12, 13]"
29,7,"[25, 20, 13, 15, 12, 10, 22]"
30,8,"[11, 17, 12, 8, 16, 24, 18, 11]"
31,8,"[17, 14, 18, 17, 19, 11, 15, 6]"
32,7,"[16, 16, 17, 13, 24, 15, 16]"
33,9,"[8, 17, 30, 13, 15, 7, 14, 8, 4]"
34,8,"[13, 19, 14, 13, 14, 18, 13, 12]"
35,9,"[15, 9, 19, 16, 11, 19, 9, 13, 5]"
36,8,"[5, 14, 16, 24, 15, 12, 18, 13]"
37,9,"[19, 14, 12, 12, 13, 13, 11, 14, 8]"
38,8,"[24, 16, 17, 12, 21, 15, 11, 1]"
39,8,"[17, 20, 20, 8, 12, 12, 14, 13]"
40,8,"[30, 17, 8, 12, 17, 13, 8, 12]"
41,7,"[10, 18, 18, 19, 21, 22, 10]"
42,8,"[25, 16, 15, 14, 11, 17, 11, 7]"
43,8,"[11, 20, 18, 15, 20, 14, 9, 9]"
44,7,"[16, 5, 19, 19, 26, 18, 15]"
45,8,"[25, 10, 18, 13, 15, 11, 11, 14]"
46,7,"[19, 17, 24, 12, 18, 13, 15]"
47,8,"[21, 6, 21, 17, 16, 6, 17, 13]"
48,8,"[9, 17, 15, 8, 25, 16, 20, 7]"
49,8,"[20, 14, 10, 15, 22, 26, 9, 1]"
50,9,"[7, 23, 8, 14, 18, 13, 15, 13, 5]"
51,8,"[9, 15, 20, 15, 14, 16, 15, 12]"
52,8,"[25, 6, 20, 14, 23, 19, 6, 4]"
53,7,"[18, 17, 14, 23, 19, 17, 10]"
54,7,"[25, 16, 30, 14, 14, 15, 4]"
55,5,"[22, 22, 22, 26, 28]"
56,6,"[20, 28, 8, 17, 28, 17]"
57,6,"[23, 38, 14, 17, 20, 7]"
58,7,"[10, 15, 16, 17, 18, 21, 21]"
59,8,"[12, 16, 14, 24, 13, 10, 13, 15]"
60,8,"[11, 19, 20, 17, 13, 21, 15, 1]"
61,8,"[7, 17, 16, 22, 35, 13, 6, 1]"
62,9,"[14, 9, 15, 13, 16, 17, 13, 10, 8]"
63,7,"[12, 19, 19, 16, 16, 27, 9]"
64,8,"[8, 16, 11, 16, 19, 18, 13, 16]"
65,8,"[17, 25, 10, 14, 19, 14, 12, 6]"
66,6,"[23, 17, 26, 20, 21, 11]"
67,5,"[19, 30, 42, 14, 13]"
68,8,"[20, 18, 10, 26, 9, 18, 7, 9]"
69,9,"[9, 13, 19, 19, 12, 12, 8, 13, 11]"
70,7,"[21, 24, 10, 19, 25, 10, 9]"
71,7,"[17, 27, 6, 21, 16, 16, 14]"
72,8,"[19, 8, 30, 17, 22, 13, 7, 1]"
73,8,"[13, 20, 14, 19, 20, 21, 7, 3]"
74,7,"[8, 19, 17, 16, 17, 27, 14]"
75,7,"[13, 15, 28, 25, 18, 14, 5]"
76,9,"[14, 18, 13, 18, 15, 17, 13, 7, 1]"
77,8,"[11, 9, 14, 17, 21, 13, 16, 16]"
78,8,"[9, 17, 15, 23, 20, 10, 16, 6]"
79,7,"[17, 14, 17, 28, 34, 7, 1]"
80,6,"[17, 13, 19, 21, 33, 15]"
81,5,"[21, 32, 18, 21, 27]"
82,8,"[17, 19, 7, 25, 16, 10, 19, 4]"
83,7,"[8, 16, 19, 21, 17, 26, 10]"
84,7,"[22, 19, 22, 15, 18, 15, 6]"
85,7,"[10, 19, 18, 16, 22, 23, 9]"
86,5,"[21, 20, 18, 31, 29]"
87,7,"[16, 19, 21, 19, 14, 11, 18]"
88,8,"[14, 14, 10, 23, 18, 20, 17, 1]"
89,8,"[7, 7, 17, 21, 15, 21, 17, 12]"
90,7,"[18, 16, 21, 14, 29, 8, 12]"
91,6,"[25, 31, 9, 25, 15, 13]"
92,7,"[12, 19, 15, 21, 22, 16, 12]"
93,7,"[16, 16, 19, 14, 26, 17, 9]"
94,9,"[14, 15, 11, 16, 24, 9, 6, 13, 7]"
95,7,"[22, 19, 16, 22, 21, 9, 8]"
96,8,"[27, 19, 25, 11, 17, 9, 7, 2]"
97,8,"[23, 8, 17, 14, 13, 21, 7, 13]"
98,7,"[13, 17, 20, 23, 14, 14, 17]"
99,6,"[19, 21, 20, 20, 29, 10]"
100,6,"[8, 9, 17, 39, 32, 14]"
101,9,"[18, 10, 12, 15, 23, 17, 10, 10, 1]"
102,7,"[22, 17, 24, 18, 18, 8, 10]"
103,7,"[30, 15, 20, 10, 15, 16, 11]"
104,7,"[20, 19, 6, 14, 17, 22, 19]"
105,8,"[19, 13, 7, 19, 24, 17, 6, 11]"
106,8,"[17, 25, 12, 15, 16, 22, 7, 3]"
107,9,"[14, 8, 15, 17, 7, 20, 9, 14, 12]"
108,7,"[14, 20, 19, 22, 20, 22, 1]"
109,8,"[17, 14, 10, 7, 33, 14, 11, 11]"
110,7,"[14, 15, 11, 24, 15, 21, 17]"
111,8,"[19, 25, 11, 13, 17, 9, 12, 10]"
112,8,"[7, 16, 13, 24, 13, 13, 17, 13]"
113,8,"[5, 24, 9, 14, 17, 20, 13, 15]"
114,5,"[11, 24, 24, 20, 41]"
115,7,"[17, 17, 19, 13, 26, 17, 8]"
116,6,"[11, 36, 15, 12, 33, 11]"
117,6,"[12, 6, 17, 37, 30, 16]"
118,8,"[15, 19, 9, 13, 12, 21, 17, 11]"
119,8,"[19, 13, 23, 11, 14, 18, 12, 7]"
120,7,"[22, 16, 21, 19, 21, 12, 7]"
121,8,"[18, 16, 12, 7, 17, 19, 16, 12]"
122,7,"[20, 13, 11, 17, 23, 19, 14]"
123,8,"[14, 15, 18, 15, 18, 14, 15, 7]"
124,5,"[32, 13, 35, 23, 16]"
125,8,"[16, 5, 17, 24, 12, 13, 16, 14]"
126,8,"[21, 17, 14, 20, 27, 5, 11, 2]"
127,5,"[16, 46, 22, 16, 20]"
128,7,"[8, 27, 21, 24, 18, 10, 10]"
129,6,"[27, 18, 20, 38, 15, 1]"
130,10,"[14, 16, 15, 7, 8, 24, 16, 7, 6, 2]"
131,8,"[12, 15, 15, 23, 5, 14, 17, 15]"
132,7,"[26, 20, 24, 11, 26, 10, 1]"
133,7,"[16, 17, 21, 13, 24, 12, 15]"
134,6,"[26, 19, 17, 9, 32, 15]"
135,6,"[24, 13, 24, 27, 21, 10]"
136,8,"[22, 16, 15, 21, 11, 12, 7, 12]"
137,7,"[13, 25, 6, 16, 16, 21, 20]"
138,7,"[5, 16, 7, 24, 25, 18, 22]"
139,6,"[16, 33, 22, 17, 12, 19]"
140,7,"[20, 16, 19, 8, 23, 12, 19]"
141,8,"[13, 17, 18, 7, 13, 15, 16, 18]"
142,9,"[15, 15, 19, 13, 17, 16, 16, 4, 1]"
143,7,"[19, 18, 11, 12, 25, 20, 12]"
144,9,"[6, 8, 19, 17, 13, 18, 19, 11, 5]"
145,6,"[20, 15, 17, 26, 24, 16]"
146,7,"[11, 17, 22, 7, 27, 25, 8]"
147,8,"[15, 15, 23, 13, 15, 14, 8, 14]"
148,7,"[17, 28, 18, 20, 15, 7, 13]"
149,7,"[38, 17, 16, 17, 14, 11, 5]"
150,8,"[16, 19, 13, 20, 19, 11, 15, 3]"
151,5,"[18, 44, 12, 31, 13]"
152,7,"[14, 7, 21, 28, 24, 17, 6]"
153,8,"[15, 6, 15, 20, 10, 22, 13, 15]"
154,7,"[20, 18, 13, 14, 17, 20, 16]"
155,7,"[20, 22, 17, 15, 17, 10, 17]"
156,7,"[28, 15, 40, 18, 9, 7, 1]"
157,6,"[23, 6, 37, 21, 19, 13]"
158,9,"[9, 9, 13, 16, 15, 11, 14, 21, 8]"
159,7,"[34, 14, 6, 16, 17, 19, 11]"
160,6,"[27, 26, 9, 26, 13, 17]"
161,5,"[47, 27, 17, 18, 10]"
162,6,"[18, 12, 17, 34, 22, 15]"
163,9,"[10, 6, 11, 23, 18, 15, 12, 16, 5]"
164,7,"[22, 22, 10, 24, 31, 6, 3]"
165,8,"[15, 26, 10, 26, 16, 13, 9, 2]"
166,9,"[5, 11, 11, 23, 12, 26, 11, 16, 1]"
167,6,"[16, 22, 28, 24, 16, 12]"
168,5,"[30, 21, 47, 19, 3]"
169,8,"[22, 14, 12, 9, 30, 24, 5, 1]"
170,7,"[16, 23, 16, 16, 17, 19, 11]"
171,6,"[18, 24, 14, 17, 29, 16]"
172,8,"[18, 7, 15, 14, 16, 18, 17, 12]"
173,5,"[19, 23, 30, 34, 13]"
174,9,"[18, 5, 16, 14, 13, 19, 24, 6, 1]"
175,7,"[13, 17, 7, 48, 15, 13, 5]"
176,9,"[15, 12, 7, 16, 8, 13, 25, 6, 13]"
177,6,"[30, 22, 18, 19, 14, 16]"
178,6,"[21, 7, 23, 29, 18, 20]"
179,7,"[16, 9, 24, 14, 18, 23, 14]"
180,7,"[6, 6, 21, 24, 18, 26, 16]"
181,6,"[16, 34, 10, 24, 26, 8]"
182,6,"[14, 22, 22, 30, 14, 16]"
183,4,"[20, 17, 48, 35]"
184,6,"[22, 16, 32, 20, 12, 16]"
185,6,"[17, 27, 18, 22, 27, 7]"
186,9,"[13, 19, 6, 15, 13, 15, 13, 11, 11]"
187,8,"[12, 19, 13, 23, 13, 15, 14, 8]"
188,7,"[6, 19, 12, 27, 29, 13, 12]"
189,8,"[16, 9, 21, 15, 13, 15, 17, 11]"
190,7,"[13, 22, 17, 16, 16, 23, 11]"
191,7,"[22, 9, 16, 19, 13, 19, 20]"
192,6,"[23, 24, 20, 15, 16, 21]"
193,7,"[28, 24, 23, 17, 12, 6, 8]"
194,6,"[28, 19, 22, 21, 15, 14]"
195,8,"[12, 13, 11, 15, 22, 16, 11, 16]"
196,6,"[5, 11, 20, 30, 37, 16]"
197,6,"[18, 25, 11, 24, 19, 21]"
198,7,"[14, 23, 17, 10, 12, 29, 12]"
199,7,"[17, 18, 14, 10, 21, 26, 12]"
200,7,"[6, 17, 15, 24, 16, 24, 16]"
201,9,"[8, 6, 13, 18, 17, 15, 17, 15, 6]"
202,8,"[8, 15, 23, 10, 18, 15, 16, 12]"
203,7,"[24, 21, 20, 18, 22, 10, 3]"
204,8,"[16, 11, 17, 20, 15, 19, 6, 13]"
205,5,"[31, 30, 33, 12, 14]"
206,10,"[15, 17, 7, 8, 7, 19, 17, 13, 11, 1]"
207,9,"[5, 13, 14, 15, 8, 21, 23, 8, 9]"
208,6,"[18, 13, 30, 30, 15, 12]"
209,6,"[19, 28, 24, 30, 15, 3]"
210,7,"[15, 16, 15, 14, 33, 9, 15]"
211,7,"[14, 14, 21, 18, 17, 20, 14]"
212,8,"[20, 20, 14, 14, 21, 13, 14, 1]"
213,7,"[13, 23, 24, 14, 18, 17, 8]"
214,8,"[11, 14, 14, 24, 18, 16, 7, 12]"
215,6,"[9, 20, 17, 35, 17, 20]"
216,7,"[19, 16, 15, 18, 16, 23, 10]"
217,9,"[20, 5, 7, 19, 13, 11, 14, 15, 11]"
218,7,"[20, 4, 18, 8, 23, 23, 22]"
219,5,"[40, 12, 11, 26, 30]"
220,7,"[15, 18, 20, 22, 14, 15, 14]"
221,7,"[13, 28, 6, 31, 18, 21, 1]"
222,7,"[19, 22, 18, 13, 21, 10, 14]"
223,7,"[18, 21, 25, 8, 14, 21, 11]"
224,8,"[16, 17, 16, 15, 9, 13, 20, 10]"
225,8,"[19, 11, 11, 24, 16, 15, 15, 5]"
226,8,"[22, 16, 25, 20, 7, 16, 10, 1]"
227,6,"[25, 25, 18, 12, 26, 13]"
228,10,"[5, 13, 15, 5, 12, 17, 20, 11, 8, 9]"
229,8,"[20, 23, 16, 11, 22, 15, 7, 3]"
230,9,"[16, 20, 11, 20, 5, 13, 16, 14, 1]"
231,6,"[21, 28, 33, 17, 10, 9]"
232,5,"[21, 22, 21, 27, 29]"
233,5,"[17, 23, 43, 16, 20]"
234,6,"[6, 28, 27, 17, 24, 17]"
235,8,"[17, 18, 20, 10, 23, 9, 10, 10]"
236,8,"[14, 11, 25, 21, 10, 12, 18, 5]"
237,7,"[9, 32, 29, 13, 23, 11, 1]"
238,7,"[22, 22, 18, 7, 23, 14, 12]"
239,9,"[18, 7, 6, 16, 17, 15, 17, 8, 12]"
240,6,"[19, 9, 30, 18, 22, 21]"
241,8,"[12, 18, 13, 16, 18, 15, 15, 10]"
242,7,"[22, 14, 18, 9, 12, 26, 16]"
243,8,"[12, 18, 9, 17, 15, 18, 10, 17]"
244,5,"[14, 19, 38, 16, 32]"
245,7,"[15, 32, 19, 20, 7, 10, 15]"
246,7,"[16, 14, 13, 17, 15, 30, 12]"
247,8,"[16, 12, 36, 18, 7, 11, 9, 7]"
248,5,"[20, 21, 28, 29, 21]"
249,7,"[16, 24, 11, 12, 17, 17, 20]"
250,7,"[18, 9, 22, 17, 30, 9, 13]"
251,7,"[16, 23, 16, 11, 23, 11, 17]"
252,8,"[21, 19, 17, 18, 24, 11, 6, 1]"
253,7,"[18, 13, 27, 27, 15, 17, 1]"
254,10,"[6, 13, 14, 12, 14, 18, 11, 8, 13, 5]"
255,7,"[15, 15, 21, 30, 14, 5, 17]"
256,6,"[22, 30, 16, 12, 22, 17]"
257,6,"[11, 22, 16, 38, 18, 14]"
258,7,"[27, 13, 29, 19, 24, 5, 1]"
259,7,"[26, 25, 15, 7, 18, 7, 20]"
260,7,"[6, 18, 15, 23, 24, 18, 13]"
261,8,"[17, 9, 20, 13, 20, 21, 16, 1]"
262,7,"[19, 30, 15, 16, 21, 16, 1]"
263,7,"[19, 20, 22, 18, 17, 15, 7]"
264,9,"[11, 22, 10, 12, 20, 15, 10, 15, 1]"
265,7,"[15, 16, 16, 12, 22, 23, 14]"
266,8,"[13, 13, 20, 9, 14, 20, 13, 14]"
267,7,"[17, 20, 9, 8, 39, 18, 6]"
268,4,"[34, 39, 25, 23]"
269,6,"[32, 28, 18, 15, 19, 6]"
270,6,"[32, 19, 11, 24, 24, 9]"
271,6,"[32, 13, 18, 28, 18, 10]"
272,6,"[14, 21, 17, 13, 27, 27]"
273,6,"[18, 22, 23, 17, 22, 16]"
274,5,"[31, 28, 25, 24, 12]"
275,8,"[16, 18, 13, 9, 16, 18, 10, 16]"
276,8,"[6, 23, 14, 18, 19, 22, 7, 7]"
277,6,"[13, 17, 19, 19, 29, 21]"
278,9,"[16, 16, 12, 12, 20, 18, 4, 17, 1]"
279,7,"[16, 9, 20, 17, 24, 15, 16]"
280,6,"[19, 26, 25, 10, 25, 14]"
281,6,"[17, 20, 17, 26, 16, 22]"
282,7,"[26, 26, 12, 16, 16, 8, 13]"
283,7,"[30, 19, 18, 18, 18, 9, 6]"
284,9,"[15, 14, 18, 6, 13, 15, 25, 9, 1]"
285,7,"[21, 15, 17, 18, 24, 22, 1]"
286,8,"[9, 15, 10, 7, 18, 21, 23, 13]"
287,8,"[8, 9, 18, 15, 29, 15, 16, 7]"
288,8,"[14, 15, 11, 6, 24, 18, 11, 17]"
289,8,"[22, 8, 25, 17, 13, 16, 11, 5]"
290,6,"[14, 25, 24, 27, 19, 9]"
291,7,"[17, 21, 31, 10, 15, 11, 13]"
292,8,"[9, 19, 15, 16, 14, 20, 12, 12]"
293,7,"[9, 33, 15, 16, 19, 14, 12]"
294,8,"[15, 19, 13, 24, 13, 19, 5, 9]"
295,9,"[15, 16, 11, 11, 10, 14, 22, 4, 13]"
296,5,"[21, 26, 33, 26, 14]"
297,5,"[28, 16, 27, 33, 16]"
298,7,"[20, 28, 21, 10, 21, 17, 1]"
299,8,"[14, 15, 18, 15, 12, 8, 20, 15]"
300,6,"[23, 26, 20, 16, 11, 23]"
301,6,"[6, 13, 32, 17, 31, 19]"
302,8,"[14, 16, 22, 16, 13, 18, 17, 1]"
303,8,"[19, 15, 25, 7, 23, 14, 11, 3]"
304,7,"[19, 24, 23, 7, 26, 9, 10]"
305,6,"[20, 51, 10, 22, 14, 1]"
306,8,"[14, 9, 18, 15, 13, 16, 20, 12]"
307,8,"[17, 15, 20, 10, 18, 15, 7, 14]"
308,7,"[21, 17, 16, 8, 14, 16, 26]"
309,7,"[16, 16, 25, 13, 18, 18, 11]"
310,9,"[12, 18, 12, 16, 11, 19, 7, 9, 12]"
311,8,"[21, 16, 14, 24, 16, 18, 7, 1]"
312,8,"[19, 16, 24, 13, 19, 14, 11, 1]"
313,6,"[20, 25, 14, 26, 22, 12]"
314,5,"[24, 36, 33, 6, 21]"
315,8,"[14, 19, 20, 15, 16, 13, 9, 10]"
316,8,"[18, 5, 24, 8, 13, 22, 11, 16]"
317,8,"[6, 20, 20, 18, 8, 14, 16, 15]"
318,8,"[13, 19, 20, 10, 19, 17, 8, 10]"
319,7,"[18, 10, 13, 23, 26, 17, 11]"
320,8,"[6, 29, 14, 16, 10, 16, 16, 9]"
321,8,"[9, 6, 28, 15, 12, 14, 13, 20]"
322,7,"[16, 15, 21, 22, 12, 16, 15]"
323,6,"[25, 43, 20, 16, 12, 3]"
324,6,"[17, 13, 33, 10, 30, 15]"
325,8,"[13, 7, 18, 12, 17, 13, 28, 8]"
326,6,"[18, 24, 18, 13, 26, 20]"
327,7,"[9, 14, 23, 15, 19, 29, 8]"
328,7,"[16, 16, 21, 21, 18, 10, 16]"
329,6,"[21, 36, 27, 20, 14, 1]"
330,8,"[6, 21, 19, 21, 9, 24, 9, 8]"
331,5,"[27, 32, 28, 20, 13]"
332,7,"[6, 15, 22, 20, 6, 25, 23]"
333,8,"[15, 6, 20, 14, 11, 18, 17, 15]"
334,6,"[14, 21, 13, 27, 18, 26]"
335,7,"[16, 9, 27, 16, 19, 17, 13]"
336,6,"[14, 17, 18, 19, 37, 14]"
337,5,"[31, 27, 24, 27, 10]"
338,6,"[16, 30, 18, 22, 10, 23]"
339,6,"[18, 19, 16, 19, 33, 13]"
340,7,"[9, 15, 11, 21, 27, 18, 17]"
341,8,"[17, 16, 13, 21, 13, 16, 5, 16]"
342,5,"[19, 20, 32, 28, 21]"
343,9,"[10, 12, 19, 18, 12, 13, 10, 14, 7]"
344,7,"[7, 17, 23, 28, 11, 10, 21]"
345,7,"[16, 22, 17, 23, 14, 18, 8]"
346,8,"[14, 12, 15, 19, 8, 17, 14, 17]"
347,7,"[21, 18, 14, 18, 22, 18, 6]"
348,6,"[26, 24, 11, 21, 16, 20]"
349,7,"[15, 14, 20, 15, 22, 21, 11]"
350,8,"[5, 19, 18, 6, 20, 18, 19, 12]"
351,4,"[39, 14, 32, 35]"
352,9,"[9, 13, 19, 26, 10, 15, 7, 13, 4]"
353,9,"[6, 13, 18, 17, 13, 14, 17, 6, 12]"
354,8,"[13, 14, 22, 27, 14, 12, 12, 3]"
355,5,"[20, 42, 26, 23, 8]"
356,6,"[20, 19, 12, 34, 14, 19]"
357,9,"[16, 17, 13, 21, 8, 16, 10, 6, 8]"
358,9,"[6, 13, 18, 17, 14, 13, 22, 10, 3]"
359,8,"[20, 17, 21, 11, 29, 11, 7, 1]"
360,8,"[14, 17, 13, 25, 7, 22, 7, 12]"
361,8,"[5, 18, 14, 9, 14, 31, 7, 18]"
362,6,"[11, 22, 31, 7, 27, 20]"
363,7,"[16, 32, 8, 15, 28, 7, 11]"
364,7,"[13, 19, 23, 21, 21, 7, 13]"
365,7,"[6, 8, 23, 27, 23, 21, 9]"
366,6,"[17, 13, 25, 37, 22, 5]"
367,4,"[21, 32, 18, 49]"
368,8,"[5, 8, 17, 17, 12, 23, 20, 14]"
369,7,"[16, 10, 26, 41, 9, 13, 3]"
370,6,"[14, 27, 32, 20, 12, 14]"
371,8,"[6, 18, 13, 16, 14, 10, 25, 14]"
372,7,"[9, 18, 15, 17, 22, 26, 10]"
373,7,"[13, 26, 25, 14, 18, 10, 11]"
374,7,"[24, 16, 11, 7, 17, 30, 13]"
375,6,"[18, 15, 13, 25, 35, 12]"
376,6,"[26, 23, 32, 16, 5, 17]"
377,7,"[31, 28, 15, 18, 16, 7, 3]"
378,5,"[25, 25, 29, 28, 13]"
379,9,"[14, 17, 16, 14, 11, 19, 13, 11, 1]"
380,6,"[25, 34, 15, 17, 11, 17]"
381,5,"[21, 30, 44, 11, 13]"
382,6,"[18, 29, 27, 32, 8, 5]"
383,10,"[9, 15, 13, 20, 16, 8, 17, 9, 7, 1]"
384,7,"[20, 18, 17, 30, 16, 14, 3]"
385,8,"[19, 16, 12, 9, 23, 15, 9, 14]"
386,6,"[20, 29, 16, 19, 27, 8]"
387,7,"[6, 19, 22, 29, 12, 17, 12]"
388,6,"[20, 15, 24, 20, 17, 22]"
389,6,"[24, 28, 24, 32, 9, 2]"
390,8,"[15, 18, 11, 18, 19, 15, 10, 10]"
391,8,"[12, 19, 9, 24, 19, 16, 14, 4]"
392,6,"[10, 25, 29, 17, 27, 10]"
393,6,"[15, 26, 23, 13, 16, 25]"
394,9,"[15, 17, 18, 13, 7, 12, 18, 13, 3]"
395,7,"[17, 18, 13, 13, 12, 29, 16]"
396,8,"[12, 16, 18, 12, 8, 21, 19, 11]"
397,8,"[16, 16, 15, 18, 12, 17, 7, 15]"
398,8,"[15, 11, 19, 11, 18, 19, 11, 12]"
399,6,"[17, 24, 12, 34, 17, 14]"
400,7,"[13, 18, 15, 17, 20, 15, 20]"
401,8,"[8, 16, 19, 14, 18, 8, 25, 9]"
402,8,"[17, 24, 30, 9, 6, 15, 11, 5]"
403,8,"[19, 16, 24, 8, 14, 21, 5, 10]"
404,6,"[17, 24, 39, 19, 16, 4]"
405,9,"[7, 14, 12, 16, 16, 14, 19, 9, 8]"
406,8,"[13, 21, 17, 8, 23, 16, 14, 5]"
407,8,"[12, 17, 8, 30, 20, 8, 19, 3]"
408,6,"[17, 17, 37, 18, 17, 12]"
409,7,"[14, 25, 11, 18, 30, 9, 10]"
410,7,"[18, 21, 17, 27, 8, 8, 18]"
411,8,"[17, 21, 18, 13, 15, 9, 11, 13]"
412,7,"[16, 19, 27, 11, 16, 13, 16]"
413,6,"[25, 15, 13, 33, 18, 14]"
414,7,"[11, 15, 21, 16, 38, 16, 1]"
415,8,"[6, 12, 14, 14, 19, 15, 26, 10]"
416,8,"[11, 17, 13, 6, 17, 19, 23, 11]"
417,6,"[18, 31, 22, 20, 24, 4]"
418,7,"[15, 17, 14, 22, 24, 25, 1]"
419,7,"[12, 15, 20, 25, 14, 20, 12]"
420,6,"[31, 21, 25, 22, 17, 3]"
421,8,"[11, 23, 14, 10, 19, 16, 11, 12]"
422,6,"[18, 45, 25, 14, 15, 1]"
423,6,"[15, 21, 24, 22, 9, 28]"
424,6,"[18, 23, 7, 11, 39, 20]"
425,6,"[14, 32, 25, 8, 25, 15]"
426,6,"[21, 15, 22, 21, 28, 11]"
427,8,"[16, 19, 14, 27, 15, 8, 16, 2]"
428,5,"[28, 31, 11, 25, 25]"
429,6,"[13, 18, 32, 14, 26, 16]"
430,7,"[18, 20, 24, 13, 26, 16, 1]"
431,7,"[14, 15, 17, 13, 19, 25, 14]"
432,6,"[14, 19, 21, 35, 19, 11]"
433,6,"[18, 39, 18, 18, 12, 13]"
434,6,"[18, 24, 16, 12, 29, 19]"
435,7,"[19, 13, 17, 19, 25, 15, 9]"
436,7,"[23, 19, 22, 19, 19, 5, 11]"
437,9,"[21, 14, 10, 19, 12, 14, 10, 12, 4]"
438,6,"[19, 35, 26, 20, 17, 2]"
1,11,"[5, 5, 8, 7, 9, 9, 7, 13, 17, 13, 21]"
2,11,"[5, 13, 10, 10, 7, 10, 16, 9, 15, 6, 13]"
3,9,"[8, 8, 8, 12, 9, 21, 18, 21, 11]"
4,9,"[6, 10, 12, 16, 13, 20, 16, 19, 4]"
5,9,"[12, 14, 5, 13, 11, 9, 18, 19, 15]"
6,9,"[4, 7, 19, 14, 12, 16, 17, 21, 6]"
7,8,"[16, 10, 21, 22, 16, 17, 10, 5]"
8,9,"[9, 16, 14, 17, 15, 17, 13, 11, 4]"
9,8,"[13, 10, 18, 16, 20, 17, 20, 3]"
10,9,"[8, 13, 16, 15, 16, 14, 17, 12, 5]"
11,8,"[12, 21, 20, 28, 15, 7, 5, 9]"
12,8,"[16, 18, 22, 10, 16, 8, 21, 5]"
13,10,"[11, 14, 23, 21, 10, 6, 9, 9, 4, 8]"
14,10,"[12, 13, 22, 23, 9, 12, 8, 6, 5, 5]"
15,8,"[13, 19, 17, 20, 20, 8, 10, 10]"
16,9,"[15, 12, 23, 10, 11, 10, 13, 9, 13]"
17,6,"[25, 20, 12, 24, 26, 12]"
18,6,"[29, 17, 22, 19, 16, 16]"
19,9,"[12, 23, 17, 20, 7, 13, 10, 5, 9]"
20,7,"[23, 29, 4, 14, 12, 18, 18]"
21,9,"[20, 26, 12, 15, 3, 16, 13, 5, 6]"
22,8,"[21, 13, 15, 23, 17, 9, 9, 10]"
23,9,"[10, 10, 14, 12, 15, 31, 8, 5, 11]"
24,9,"[12, 13, 7, 4, 9, 15, 24, 20, 12]"
25,8,"[14, 19, 11, 8, 22, 7, 11, 24]"
26,8,"[17, 18, 18, 7, 18, 20, 13, 6]"
27,9,"[29, 14, 10, 9, 17, 13, 11, 7, 5]"
28,9,"[18, 11, 12, 12, 15, 14, 16, 8, 10]"
29,9,"[18, 11, 14, 27, 8, 13, 9, 5, 11]"
30,7,"[20, 22, 11, 21, 23, 16, 5]"
31,8,"[19, 20, 22, 12, 15, 9, 5, 15]"
32,9,"[18, 11, 8, 16, 13, 10, 20, 12, 8]"
33,9,"[21, 19, 9, 10, 9, 12, 21, 6, 9]"
34,7,"[26, 19, 16, 24, 17, 10, 6]"
35,8,"[10, 6, 27, 21, 8, 19, 17, 9]"
36,9,"[12, 25, 15, 13, 10, 15, 11, 10, 5]"
37,6,"[23, 38, 16, 23, 13, 6]"
38,7,"[14, 17, 14, 17, 25, 24, 6]"
39,6,"[19, 26, 23, 14, 21, 15]"
40,9,"[17, 20, 17, 11, 19, 13, 12, 2, 5]"
41,8,"[12, 30, 16, 12, 9, 20, 7, 11]"
42,6,"[20, 32, 25, 20, 15, 7]"
43,6,"[13, 27, 17, 25, 19, 18]"
44,8,"[16, 23, 25, 16, 11, 12, 5, 9]"
45,7,"[25, 24, 10, 17, 12, 18, 12]"
46,9,"[17, 12, 8, 17, 21, 19, 8, 9, 5]"
47,7,"[26, 18, 6, 10, 25, 19, 14]"
48,8,"[15, 21, 13, 15, 16, 10, 20, 7]"
49,7,"[27, 14, 10, 29, 12, 21, 5]"
50,9,"[11, 18, 9, 12, 32, 4, 11, 11, 8]"
51,7,"[21, 17, 20, 16, 21, 8, 15]"
52,9,"[18, 16, 7, 13, 11, 6, 20, 15, 10]"
53,8,"[15, 14, 12, 15, 31, 14, 5, 11]"
54,8,"[23, 10, 16, 18, 25, 11, 11, 3]"
55,10,"[18, 13, 14, 15, 8, 19, 11, 3, 5, 9]"
56,8,"[11, 14, 25, 17, 13, 7, 6, 23]"
57,8,"[21, 18, 11, 14, 21, 14, 6, 12]"
58,9,"[10, 19, 7, 22, 7, 15, 13, 8, 15]"
59,8,"[9, 24, 28, 20, 14, 6, 5, 11]"
60,7,"[32, 20, 12, 21, 10, 10, 13]"
61,8,"[16, 21, 23, 17, 11, 12, 10, 7]"
62,8,"[15, 18, 25, 14, 18, 7, 11, 9]"
63,7,"[23, 7, 25, 19, 10, 21, 13]"
64,8,"[18, 17, 13, 10, 25, 19, 5, 10]"
65,7,"[30, 20, 8, 3, 21, 25, 11]"
66,7,"[22, 8, 15, 25, 22, 10, 15]"
67,8,"[19, 18, 23, 15, 13, 15, 5, 9]"
68,8,"[24, 12, 4, 10, 23, 12, 22, 10]"
69,8,"[18, 16, 15, 8, 15, 13, 22, 10]"
70,7,"[9, 20, 11, 36, 25, 7, 10]"
71,7,"[13, 11, 28, 20, 18, 9, 19]"
72,7,"[11, 13, 17, 24, 9, 22, 21]"
73,8,"[14, 20, 10, 24, 9, 10, 13, 16]"
74,8,"[15, 28, 12, 18, 17, 6, 9, 12]"
75,7,"[25, 14, 26, 19, 14, 7, 13]"
76,8,"[22, 24, 14, 16, 6, 18, 10, 7]"
77,8,"[16, 14, 9, 24, 18, 16, 12, 8]"
78,9,"[12, 14, 16, 16, 16, 18, 10, 9, 5]"
79,5,"[23, 18, 28, 31, 20]"
80,7,"[15, 20, 21, 24, 20, 7, 11]"
81,6,"[13, 27, 39, 17, 17, 5]"
82,8,"[21, 20, 23, 18, 14, 6, 11, 4]"
83,8,"[10, 19, 10, 12, 18, 25, 18, 5]"
84,7,"[16, 15, 16, 22, 22, 17, 9]"
85,9,"[16, 21, 26, 13, 5, 9, 6, 10, 10]"
86,8,"[18, 18, 22, 22, 6, 6, 17, 8]"
87,6,"[27, 9, 30, 9, 14, 30]"
88,7,"[10, 22, 17, 7, 18, 29, 15]"
89,9,"[14, 5, 16, 10, 9, 16, 22, 16, 8]"
90,6,"[13, 9, 27, 19, 21, 29]"
91,7,"[30, 23, 14, 19, 7, 12, 13]"
92,6,"[20, 12, 26, 26, 27, 7]"
93,5,"[33, 37, 20, 6, 23]"
94,7,"[20, 9, 17, 18, 14, 26, 14]"
95,5,"[19, 32, 12, 27, 29]"
96,7,"[14, 16, 16, 16, 19, 24, 13]"
97,7,"[18, 24, 21, 20, 19, 4, 12]"
98,7,"[16, 27, 11, 16, 10, 19, 19]"
99,8,"[16, 29, 10, 13, 18, 6, 12, 13]"
100,6,"[18, 21, 21, 15, 29, 15]"
101,7,"[28, 24, 8, 27, 14, 10, 7]"
102,8,"[13, 19, 16, 20, 17, 14, 7, 11]"
103,9,"[20, 7, 10, 20, 10, 16, 13, 5, 15]"
104,9,"[12, 11, 13, 11, 20, 15, 20, 3, 11]"
105,6,"[16, 14, 15, 34, 21, 19]"
106,8,"[20, 17, 15, 15, 23, 10, 6, 11]"
107,7,"[28, 10, 20, 8, 17, 21, 14]"
108,7,"[12, 26, 13, 22, 19, 16, 10]"
109,7,"[22, 7, 29, 25, 6, 17, 11]"
110,10,"[9, 13, 13, 8, 22, 10, 13, 6, 12, 9]"
111,7,"[13, 13, 19, 9, 37, 20, 6]"
112,7,"[25, 10, 33, 18, 16, 4, 12]"
113,7,"[13, 15, 26, 26, 20, 7, 11]"
114,7,"[16, 13, 29, 25, 19, 5, 10]"
115,7,"[29, 9, 21, 27, 18, 4, 9]"
116,9,"[23, 22, 18, 12, 5, 9, 6, 11, 10]"
117,5,"[19, 23, 31, 26, 21]"
118,7,"[21, 19, 16, 14, 24, 11, 13]"
119,9,"[15, 14, 18, 26, 16, 6, 5, 11, 5]"
120,7,"[29, 23, 18, 18, 7, 12, 11]"
121,9,"[15, 12, 8, 11, 11, 17, 21, 10, 11]"
122,9,"[9, 16, 14, 11, 15, 21, 11, 5, 14]"
123,8,"[15, 14, 21, 12, 17, 22, 3, 12]"
124,7,"[16, 20, 29, 14, 21, 13, 5]"
125,6,"[12, 32, 26, 13, 23, 13]"
126,8,"[20, 13, 12, 25, 17, 11, 5, 14]"
127,8,"[18, 10, 11, 14, 20, 22, 11, 11]"
128,7,"[25, 11, 20, 24, 16, 11, 11]"
129,7,"[14, 25, 9, 21, 17, 15, 17]"
130,7,"[4, 22, 15, 16, 20, 24, 17]"
131,7,"[16, 25, 20, 6, 22, 18, 11]"
132,7,"[18, 23, 15, 8, 23, 6, 25]"
133,7,"[22, 25, 13, 18, 23, 5, 12]"
134,7,"[14, 18, 16, 19, 16, 25, 10]"
135,8,"[22, 4, 11, 17, 16, 16, 20, 11]"
136,8,"[9, 20, 12, 10, 27, 19, 16, 3]"
137,7,"[20, 9, 9, 22, 29, 18, 11]"
138,7,"[13, 8, 19, 13, 26, 19, 20]"
139,8,"[18, 13, 17, 7, 27, 18, 6, 11]"
140,8,"[19, 17, 16, 24, 5, 18, 7, 11]"
141,9,"[18, 12, 8, 18, 17, 6, 22, 6, 9]"
142,6,"[19, 23, 14, 39, 6, 18]"
143,7,"[18, 13, 13, 13, 30, 17, 13]"
144,8,"[13, 17, 10, 17, 25, 17, 11, 7]"
145,7,"[8, 15, 21, 27, 17, 3, 26]"
146,7,"[21, 13, 16, 25, 18, 12, 13]"
147,9,"[10, 8, 20, 21, 14, 17, 9, 8, 9]"
148,7,"[30, 13, 19, 13, 18, 13, 11]"
149,6,"[15, 19, 27, 30, 11, 16]"
150,5,"[21, 24, 17, 37, 21]"
151,6,"[29, 14, 13, 18, 26, 19]"
152,8,"[15, 24, 16, 18, 7, 17, 10, 10]"
153,8,"[14, 17, 21, 20, 20, 11, 5, 9]"
154,9,"[18, 16, 11, 12, 14, 24, 5, 3, 13]"
155,7,"[5, 27, 11, 19, 12, 33, 11]"
156,6,"[8, 17, 31, 13, 27, 23]"
157,6,"[14, 22, 23, 21, 21, 17]"
158,9,"[6, 15, 18, 13, 7, 15, 17, 4, 21]"
159,10,"[12, 10, 12, 12, 16, 17, 9, 13, 5, 8]"
160,8,"[25, 12, 19, 23, 15, 9, 9, 5]"
161,8,"[12, 14, 20, 30, 13, 11, 7, 10]"
162,5,"[38, 25, 21, 27, 9]"
163,8,"[21, 6, 24, 16, 18, 14, 4, 14]"
164,9,"[13, 23, 16, 3, 25, 3, 12, 11, 10]"
165,7,"[9, 19, 16, 24, 22, 17, 11]"
166,7,"[23, 12, 19, 27, 10, 23, 3]"
167,7,"[4, 28, 19, 26, 21, 5, 14]"
168,5,"[20, 27, 21, 24, 28]"
169,7,"[15, 10, 25, 16, 20, 20, 12]"
170,7,"[21, 16, 19, 11, 19, 6, 26]"
171,7,"[11, 16, 9, 17, 38, 10, 16]"
172,7,"[12, 19, 21, 20, 19, 16, 10]"
173,4,"[30, 34, 19, 37]"
174,6,"[23, 11, 13, 19, 31, 22]"
175,7,"[27, 11, 17, 10, 20, 22, 10]"
176,8,"[12, 12, 19, 15, 18, 16, 11, 14]"
177,8,"[7, 4, 21, 17, 10, 24, 18, 16]"
178,6,"[31, 16, 13, 25, 18, 16]"
179,9,"[11, 11, 20, 16, 19, 5, 9, 12, 13]"
180,8,"[12, 20, 11, 9, 16, 17, 22, 10]"
181,7,"[18, 11, 27, 21, 6, 26, 8]"
182,7,"[24, 21, 13, 22, 8, 19, 11]"
183,9,"[15, 21, 8, 12, 15, 14, 9, 14, 8]"
184,7,"[10, 20, 20, 13, 28, 16, 11]"
185,8,"[5, 17, 10, 14, 26, 29, 5, 11]"
186,7,"[21, 19, 20, 22, 19, 10, 7]"
187,8,"[15, 16, 14, 12, 24, 5, 14, 17]"
188,8,"[19, 21, 26, 13, 6, 13, 10, 9]"
189,7,"[13, 22, 11, 26, 15, 14, 16]"
190,6,"[26, 22, 19, 10, 29, 13]"
191,8,"[25, 20, 14, 11, 21, 5, 7, 13]"
192,7,"[12, 14, 12, 9, 24, 25, 21]"
193,5,"[12, 23, 30, 26, 28]"
194,7,"[15, 17, 13, 18, 16, 26, 13]"
195,8,"[12, 9, 17, 13, 20, 25, 10, 11]"
196,9,"[22, 18, 12, 16, 20, 14, 3, 3, 8]"
197,9,"[14, 16, 12, 11, 19, 15, 4, 12, 13]"
198,6,"[20, 16, 12, 18, 23, 30]"
199,8,"[5, 17, 13, 24, 18, 11, 13, 16]"
200,7,"[12, 21, 34, 22, 13, 6, 9]"
201,8,"[20, 18, 10, 26, 13, 12, 11, 7]"
202,6,"[28, 31, 22, 14, 16, 7]"
203,8,"[12, 12, 9, 8, 22, 43, 6, 5]"
204,8,"[23, 15, 11, 26, 14, 12, 10, 6]"
205,7,"[28, 11, 16, 22, 15, 10, 16]"
206,8,"[17, 14, 11, 18, 20, 20, 12, 5]"
207,8,"[22, 14, 13, 21, 14, 13, 10, 10]"
208,7,"[14, 22, 11, 12, 17, 27, 15]"
209,8,"[15, 17, 16, 12, 24, 20, 1, 12]"
210,8,"[15, 15, 10, 17, 31, 5, 6, 18]"
211,6,"[17, 23, 16, 22, 26, 14]"
212,7,"[17, 17, 13, 7, 21, 22, 21]"
213,8,"[19, 11, 11, 8, 26, 17, 16, 9]"
214,8,"[16, 15, 19, 21, 21, 10, 9, 6]"
215,8,"[16, 12, 9, 17, 29, 6, 13, 15]"
216,6,"[30, 35, 25, 7, 14, 8]"
217,7,"[20, 20, 15, 10, 25, 5, 23]"
218,6,"[31, 14, 19, 21, 22, 12]"
219,8,"[20, 10, 18, 18, 22, 12, 7, 10]"
220,8,"[10, 17, 17, 9, 20, 19, 19, 5]"
221,6,"[28, 12, 17, 20, 26, 16]"
222,4,"[53, 21, 29, 18]"
223,7,"[14, 23, 15, 25, 18, 12, 11]"
224,7,"[9, 23, 15, 9, 31, 8, 23]"
225,5,"[22, 21, 28, 12, 36]"
226,8,"[13, 16, 9, 20, 25, 14, 6, 13]"
227,7,"[9, 16, 18, 12, 24, 25, 14]"
228,6,"[23, 18, 12, 26, 24, 16]"
229,6,"[24, 20, 13, 22, 19, 20]"
230,6,"[23, 21, 22, 18, 28, 6]"
231,8,"[17, 20, 28, 11, 5, 16, 11, 9]"
232,7,"[23, 13, 19, 25, 15, 17, 6]"
233,7,"[18, 10, 10, 22, 19, 27, 11]"
234,8,"[23, 12, 19, 15, 18, 6, 12, 12]"
235,6,"[32, 13, 27, 23, 11, 13]"
236,7,"[10, 7, 20, 22, 19, 24, 16]"
237,8,"[10, 17, 11, 9, 18, 16, 22, 14]"
238,6,"[8, 17, 13, 13, 44, 24]"
239,5,"[12, 23, 40, 29, 16]"
240,8,"[5, 9, 23, 13, 18, 13, 23, 13]"
241,7,"[8, 21, 15, 22, 25, 17, 10]"
242,7,"[13, 22, 28, 8, 13, 20, 14]"
243,7,"[25, 14, 14, 35, 10, 9, 11]"
244,7,"[24, 6, 8, 26, 10, 20, 24]"
245,9,"[16, 15, 21, 24, 15, 4, 5, 11, 5]"
246,9,"[15, 12, 20, 18, 14, 7, 7, 12, 11]"
247,8,"[15, 7, 7, 14, 28, 19, 12, 15]"
248,7,"[14, 14, 26, 20, 21, 11, 12]"
249,9,"[13, 17, 16, 16, 12, 15, 6, 16, 5]"
250,8,"[18, 9, 29, 10, 18, 12, 12, 9]"
251,9,"[11, 22, 18, 8, 16, 9, 10, 14, 8]"
252,8,"[12, 15, 21, 13, 22, 20, 6, 8]"
253,6,"[26, 32, 13, 17, 20, 11]"
254,8,"[12, 17, 16, 8, 19, 20, 6, 18]"
255,7,"[21, 10, 29, 17, 22, 11, 8]"
256,8,"[25, 14, 20, 12, 18, 5, 15, 8]"
257,7,"[13, 25, 26, 6, 17, 22, 9]"
258,8,"[22, 14, 28, 23, 10, 5, 11, 4]"
259,6,"[20, 12, 12, 24, 29, 21]"
260,5,"[17, 16, 25, 29, 33]"
261,7,"[16, 11, 25, 22, 21, 5, 18]"
262,5,"[37, 28, 21, 24, 9]"
263,8,"[11, 13, 18, 13, 7, 21, 23, 11]"
264,7,"[26, 13, 13, 19, 23, 4, 20]"
265,7,"[22, 12, 24, 22, 18, 10, 10]"
266,10,"[13, 12, 15, 17, 22, 7, 4, 11, 9, 5]"
267,6,"[25, 15, 11, 36, 20, 12]"
268,9,"[12, 9, 12, 11, 20, 21, 7, 14, 10]"
269,8,"[13, 18, 10, 25, 17, 4, 4, 26]"
270,7,"[17, 24, 18, 24, 9, 16, 10]"
271,8,"[10, 13, 13, 9, 24, 16, 21, 11]"
272,9,"[5, 18, 9, 18, 23, 14, 6, 12, 11]"
273,6,"[28, 18, 25, 24, 12, 11]"
274,9,"[11, 19, 7, 16, 5, 21, 6, 21, 10]"
275,7,"[25, 21, 14, 15, 12, 10, 21]"
276,8,"[13, 13, 27, 13, 22, 11, 9, 9]"
277,6,"[4, 30, 22, 24, 19, 20]"
278,4,"[34, 26, 30, 30]"
279,7,"[25, 14, 22, 13, 14, 17, 13]"
280,7,"[12, 18, 18, 18, 25, 17, 10]"
281,8,"[8, 21, 13, 10, 24, 12, 18, 10]"
282,7,"[21, 13, 16, 10, 28, 19, 11]"
283,6,"[10, 16, 16, 29, 26, 22]"
284,7,"[27, 10, 14, 29, 22, 5, 11]"
285,7,"[16, 28, 12, 14, 22, 21, 5]"
286,6,"[16, 25, 20, 20, 23, 15]"
287,5,"[31, 14, 43, 12, 18]"
288,5,"[23, 43, 27, 18, 7]"
289,7,"[12, 19, 23, 20, 8, 31, 5]"
290,8,"[23, 21, 4, 11, 20, 18, 14, 6]"
291,7,"[14, 17, 18, 14, 21, 22, 12]"
292,8,"[11, 13, 19, 19, 19, 12, 6, 18]"
293,6,"[24, 23, 13, 21, 25, 13]"
294,6,"[22, 19, 14, 25, 25, 14]"
295,7,"[25, 23, 13, 18, 5, 22, 11]"
296,8,"[19, 6, 13, 9, 31, 9, 13, 17]"
297,8,"[9, 17, 9, 14, 23, 17, 24, 4]"
298,9,"[4, 14, 18, 25, 13, 18, 5, 13, 6]"
299,8,"[18, 7, 9, 12, 18, 17, 25, 11]"
300,7,"[19, 20, 22, 17, 5, 17, 18]"
301,7,"[12, 20, 17, 19, 16, 23, 11]"
302,7,"[10, 27, 15, 20, 23, 4, 19]"
303,7,"[28, 17, 12, 5, 25, 15, 16]"
304,8,"[11, 19, 10, 22, 22, 17, 9, 7]"
305,8,"[18, 19, 25, 16, 5, 10, 13, 11]"
306,8,"[17, 11, 9, 12, 22, 15, 21, 10]"
307,7,"[17, 10, 24, 26, 20, 3, 18]"
308,7,"[22, 13, 19, 25, 6, 14, 19]"
309,7,"[21, 13, 15, 24, 19, 10, 16]"
310,8,"[16, 17, 18, 6, 23, 19, 12, 6]"
311,7,"[10, 34, 23, 7, 18, 15, 11]"
312,7,"[15, 21, 14, 22, 6, 14, 26]"
313,7,"[20, 30, 13, 17, 6, 22, 10]"
314,7,"[27, 18, 24, 16, 12, 3, 18]"
315,9,"[8, 16, 18, 17, 21, 14, 10, 6, 6]"
316,8,"[15, 9, 13, 20, 24, 12, 14, 10]"
317,6,"[32, 18, 26, 25, 12, 6]"
318,9,"[13, 19, 17, 24, 12, 11, 5, 11, 4]"
319,4,"[17, 22, 43, 38]"
320,6,"[16, 11, 18, 29, 15, 30]"
321,8,"[17, 13, 12, 18, 22, 20, 2, 13]"
322,8,"[3, 20, 22, 17, 24, 5, 16, 10]"
323,8,"[25, 22, 24, 11, 5, 5, 10, 15]"
324,6,"[10, 23, 25, 24, 24, 13]"
325,8,"[9, 22, 18, 11, 18, 21, 11, 7]"
326,6,"[21, 13, 22, 26, 23, 14]"
327,6,"[25, 26, 7, 25, 17, 19]"
328,7,"[8, 18, 11, 24, 35, 7, 15]"
329,6,"[36, 36, 17, 7, 14, 9]"
330,8,"[9, 13, 12, 14, 6, 17, 20, 25]"
331,6,"[20, 14, 10, 28, 23, 24]"
332,6,"[14, 16, 26, 37, 5, 21]"
333,9,"[7, 16, 23, 10, 6, 18, 18, 3, 14]"
334,7,"[4, 13, 25, 20, 19, 24, 13]"
335,8,"[16, 8, 15, 22, 15, 11, 16, 14]"
336,7,"[15, 25, 17, 18, 12, 19, 12]"
337,9,"[15, 17, 20, 12, 5, 5, 13, 17, 12]"
338,7,"[9, 30, 32, 8, 11, 17, 11]"
339,6,"[11, 27, 15, 36, 15, 15]"
340,8,"[15, 12, 25, 26, 12, 11, 6, 10]"
341,7,"[15, 5, 11, 24, 22, 25, 14]"
342,6,"[29, 15, 27, 27, 12, 9]"
343,8,"[14, 15, 8, 22, 15, 19, 5, 19]"
344,6,"[16, 23, 18, 28, 21, 13]"
345,8,"[27, 27, 14, 15, 6, 4, 14, 10]"
346,7,"[10, 22, 9, 27, 21, 21, 8]"
347,8,"[8, 19, 7, 19, 30, 4, 15, 15]"
348,6,"[30, 13, 15, 17, 15, 29]"
349,9,"[8, 12, 8, 12, 13, 25, 10, 16, 11]"
350,6,"[3, 21, 15, 23, 34, 23]"
351,9,"[12, 10, 11, 10, 24, 25, 5, 12, 7]"
352,7,"[26, 15, 29, 21, 4, 13, 10]"
353,8,"[12, 11, 21, 15, 25, 15, 9, 9]"
354,9,"[12, 12, 8, 14, 27, 7, 14, 15, 7]"
355,8,"[13, 7, 20, 23, 5, 16, 28, 5]"
356,7,"[28, 18, 25, 5, 26, 5, 11]"
357,8,"[8, 21, 15, 10, 17, 14, 19, 13]"
358,7,"[31, 16, 21, 9, 18, 12, 11]"
359,9,"[9, 12, 15, 17, 5, 17, 11, 21, 9]"
360,8,"[24, 10, 18, 10, 17, 14, 15, 9]"
361,5,"[29, 13, 34, 30, 14]"
362,8,"[6, 17, 14, 11, 27, 19, 16, 7]"
363,7,"[14, 20, 18, 23, 25, 13, 5]"
364,7,"[21, 21, 16, 20, 21, 4, 15]"
365,7,"[4, 24, 17, 14, 19, 26, 14]"
366,7,"[17, 29, 22, 19, 6, 12, 13]"
367,8,"[13, 15, 12, 9, 20, 19, 7, 22]"
368,7,"[5, 24, 13, 13, 9, 24, 30]"
369,6,"[11, 10, 19, 15, 40, 24]"
370,6,"[14, 22, 16, 32, 20, 15]"
371,8,"[7, 15, 24, 10, 6, 20, 19, 16]"
372,6,"[14, 31, 12, 35, 14, 13]"
373,7,"[29, 21, 5, 23, 18, 5, 17]"
374,6,"[8, 19, 10, 32, 24, 25]"
375,8,"[14, 17, 12, 30, 12, 14, 11, 7]"
376,7,"[10, 24, 28, 6, 24, 17, 9]"
377,5,"[19, 33, 30, 19, 19]"
378,8,"[9, 19, 12, 22, 9, 7, 22, 17]"
379,6,"[30, 13, 28, 28, 5, 15]"
380,8,"[15, 10, 9, 23, 16, 5, 28, 11]"
381,7,"[9, 19, 9, 30, 27, 18, 6]"
382,6,"[25, 22, 8, 24, 6, 34]"
383,7,"[15, 9, 13, 18, 24, 20, 19]"
384,8,"[10, 16, 23, 27, 14, 10, 10, 7]"
385,7,"[24, 14, 27, 23, 5, 14, 11]"
386,8,"[12, 15, 16, 32, 9, 11, 8, 14]"
387,8,"[13, 19, 18, 21, 19, 13, 8, 6]"
388,8,"[19, 4, 20, 21, 17, 12, 8, 16]"
389,9,"[19, 12, 14, 17, 21, 13, 3, 12, 5]"
390,8,"[20, 17, 18, 19, 6, 19, 9, 9]"
391,6,"[23, 21, 24, 25, 16, 10]"
392,8,"[15, 15, 27, 22, 11, 5, 13, 8]"
393,8,"[17, 18, 14, 13, 5, 21, 13, 16]"
394,7,"[14, 8, 17, 31, 6, 21, 21]"
395,8,"[22, 18, 22, 21, 14, 10, 5, 5]"
396,8,"[11, 17, 15, 24, 20, 9, 13, 8]"
397,8,"[13, 4, 15, 15, 14, 24, 15, 17]"
398,6,"[9, 32, 24, 23, 24, 7]"
399,8,"[20, 18, 11, 27, 14, 11, 10, 6]"
400,8,"[13, 17, 9, 22, 22, 9, 17, 8]"
401,5,"[29, 20, 35, 31, 4]"
402,6,"[15, 30, 26, 23, 11, 14]"
403,8,"[9, 20, 10, 26, 15, 23, 5, 9]"
404,5,"[21, 35, 29, 23, 12]"
405,5,"[29, 15, 32, 32, 12]"
406,7,"[28, 17, 21, 17, 6, 19, 10]"
407,7,"[21, 21, 10, 24, 6, 15, 21]"
408,8,"[14, 16, 20, 19, 9, 20, 11, 8]"
409,8,"[12, 13, 17, 13, 17, 5, 19, 20]"
410,7,"[30, 12, 18, 12, 18, 25, 3]"
411,8,"[17, 20, 10, 21, 12, 20, 10, 7]"
412,7,"[11, 22, 16, 18, 17, 29, 5]"
413,7,"[12, 28, 17, 24, 21, 4, 12]"
414,8,"[12, 11, 12, 11, 9, 26, 16, 20]"
415,6,"[13, 24, 20, 20, 20, 22]"
416,9,"[17, 24, 12, 12, 19, 5, 12, 10, 5]"
417,8,"[19, 21, 18, 16, 17, 9, 9, 8]"
418,7,"[25, 18, 22, 24, 5, 10, 14]"
419,5,"[11, 23, 25, 26, 35]"
420,8,"[12, 17, 12, 31, 17, 10, 12, 6]"
421,7,"[18, 13, 11, 9, 24, 25, 17]"
422,8,"[29, 20, 11, 20, 5, 5, 19, 8]"
423,9,"[9, 14, 12, 9, 22, 19, 16, 5, 10]"
424,7,"[17, 29, 13, 23, 17, 4, 15]"
425,6,"[23, 26, 21, 20, 14, 15]"
426,6,"[9, 19, 15, 26, 30, 20]"
427,8,"[9, 9, 11, 14, 24, 24, 4, 22]"
428,8,"[15, 15, 19, 9, 19, 15, 21, 4]"
429,7,"[21, 17, 18, 11, 21, 16, 14]"
430,7,"[11, 21, 26, 16, 26, 11, 7]"
431,7,"[29, 14, 24, 17, 16, 14, 4]"
432,7,"[20, 13, 10, 27, 13, 21, 14]"
433,7,"[29, 16, 9, 21, 15, 19, 9]"
434,7,"[10, 12, 17, 20, 9, 24, 25]"
435,8,"[26, 17, 17, 6, 17, 21, 5, 8]"
436,7,"[18, 23, 17, 28, 16, 9, 7]"
437,7,"[18, 9, 14, 23, 19, 24, 11]"
438,8,"[18, 25, 11, 25, 9, 12, 13, 4]"
439,7,"[17, 19, 17, 20, 17, 22, 6]"
440,7,"[14, 24, 20, 27, 11, 10, 12]"
441,6,"[28, 15, 38, 17, 6, 15]"
442,7,"[15, 14, 14, 32, 24, 13, 6]"
443,8,"[15, 14, 18, 14, 22, 21, 10, 3]"
444,6,"[26, 25, 17, 15, 21, 15]"
445,8,"[11, 15, 10, 14, 11, 23, 22, 11]"
446,6,"[12, 15, 13, 27, 31, 21]"
447,7,"[13, 17, 16, 13, 21, 22, 16]"
448,7,"[12, 25, 11, 28, 24, 15, 3]"
449,8,"[12, 9, 21, 17, 20, 21, 11, 6]"
450,8,"[30, 17, 15, 6, 19, 17, 3, 10]"
451,8,"[15, 19, 15, 16, 20, 18, 3, 11]"
452,7,"[17, 22, 17, 20, 16, 20, 6]"
453,9,"[16, 19, 24, 6, 14, 5, 8, 13, 11]"
454,8,"[12, 26, 13, 13, 22, 5, 17, 9]"
455,8,"[15, 12, 17, 16, 23, 16, 14, 4]"
456,7,"[5, 24, 11, 32, 22, 18, 6]"
457,6,"[13, 20, 25, 26, 22, 13]"
458,8,"[20, 12, 19, 11, 15, 14, 10, 16]"
459,6,"[26, 14, 16, 10, 24, 29]"
460,7,"[9, 15, 16, 27, 14, 26, 11]"
461,9,"[9, 10, 17, 12, 15, 22, 12, 8, 11]"
462,8,"[27, 19, 13, 19, 6, 17, 3, 13]"
463,7,"[21, 17, 23, 25, 15, 11, 6]"
464,7,"[29, 28, 12, 11, 5, 20, 13]"
465,8,"[6, 12, 20, 14, 26, 5, 21, 13]"
466,6,"[24, 17, 29, 5, 30, 14]"
467,8,"[4, 11, 19, 9, 25, 25, 16, 8]"
468,8,"[25, 16, 12, 27, 5, 14, 12, 6]"
469,8,"[10, 9, 19, 12, 12, 24, 14, 17]"
470,7,"[21, 21, 14, 20, 20, 4, 18]"
471,8,"[16, 9, 19, 10, 18, 16, 15, 14]"
472,9,"[12, 18, 13, 9, 6, 19, 5, 15, 19]"
473,6,"[17, 24, 14, 17, 14, 33]"
474,7,"[23, 17, 26, 13, 22, 9, 7]"
475,8,"[9, 4, 18, 12, 12, 18, 24, 19]"
476,6,"[18, 15, 21, 7, 33, 25]"
477,7,"[16, 11, 15, 29, 24, 18, 5]"
478,8,"[12, 12, 10, 12, 22, 10, 24, 15]"
479,6,"[14, 21, 19, 27, 21, 16]"
480,8,"[13, 20, 13, 23, 7, 18, 13, 9]"
481,8,"[21, 11, 10, 26, 5, 17, 17, 10]"
482,6,"[12, 15, 23, 26, 17, 26]"
483,5,"[21, 21, 19, 30, 29]"
484,7,"[16, 17, 16, 23, 25, 10, 11]"
485,8,"[12, 15, 10, 16, 15, 17, 18, 14]"
486,5,"[32, 18, 6, 31, 33]"
487,5,"[32, 36, 25, 13, 14]"
488,7,"[12, 23, 10, 28, 7, 17, 21]"
489,7,"[24, 16, 12, 28, 5, 14, 19]"
490,7,"[26, 15, 11, 22, 18, 15, 11]"
491,9,"[10, 12, 12, 20, 9, 20, 9, 13, 11]"
492,7,"[31, 27, 6, 18, 5, 19, 12]"
493,7,"[20, 19, 13, 20, 23, 8, 15]"
494,8,"[22, 17, 11, 5, 17, 11, 23, 11]"
495,9,"[9, 20, 9, 25, 19, 15, 9, 5, 5]"
496,9,"[23, 13, 13, 5, 18, 19, 9, 11, 5]"
497,6,"[24, 14, 20, 6, 25, 29]"
498,6,"[28, 13, 22, 9, 31, 16]"
499,9,"[5, 18, 17, 20, 18, 5, 16, 13, 4]"
500,9,"[12, 8, 16, 14, 14, 22, 12, 14, 4]"
501,7,"[8, 18, 17, 27, 16, 25, 7]"
502,8,"[18, 14, 9, 15, 26, 20, 9, 6]"
503,7,"[13, 22, 9, 23, 26, 15, 10]"
504,7,"[15, 8, 8, 14, 35, 21, 16]"
505,8,"[14, 22, 9, 18, 21, 19, 4, 10]"
506,7,"[30, 21, 23, 8, 19, 4, 13]"
507,8,"[28, 14, 18, 6, 18, 17, 9, 7]"
508,9,"[19, 22, 16, 14, 3, 8, 11, 5, 18]"
509,7,"[12, 17, 17, 22, 21, 14, 15]"
510,6,"[11, 28, 24, 18, 24, 14]"
511,8,"[4, 20, 15, 12, 21, 5, 18, 22]"
512,7,"[11, 13, 17, 18, 31, 16, 12]"
513,6,"[25, 22, 14, 22, 22, 14]"
514,9,"[13, 8, 16, 21, 21, 14, 9, 5, 9]"
515,9,"[17, 18, 15, 17, 13, 14, 5, 9, 8]"
516,7,"[12, 21, 11, 27, 21, 18, 8]"
517,7,"[15, 13, 19, 12, 27, 19, 13]"
518,8,"[16, 16, 11, 15, 17, 25, 11, 6]"
519,9,"[12, 18, 12, 12, 20, 6, 18, 10, 8]"
520,6,"[28, 21, 26, 18, 17, 9]"
521,7,"[13, 23, 13, 26, 21, 8, 14]"
522,8,"[21, 17, 18, 8, 15, 14, 11, 13]"
523,8,"[15, 26, 18, 22, 5, 12, 10, 9]"
524,7,"[10, 17, 15, 14, 25, 23, 14]"
525,9,"[18, 13, 11, 15, 24, 3, 12, 9, 11]"
526,7,"[18, 21, 19, 27, 19, 10, 4]"
527,8,"[12, 19, 16, 10, 20, 22, 13, 5]"
528,7,"[13, 20, 17, 28, 12, 17, 11]"
529,6,"[15, 25, 11, 22, 23, 23]"
530,7,"[16, 17, 21, 19, 24, 4, 17]"
531,7,"[12, 17, 20, 15, 7, 18, 29]"
532,7,"[20, 23, 18, 28, 11, 11, 7]"
533,8,"[15, 8, 13, 11, 21, 21, 19, 9]"
534,6,"[20, 19, 18, 34, 16, 12]"
535,8,"[13, 12, 12, 14, 31, 3, 17, 15]"
536,6,"[12, 26, 39, 24, 13, 5]"
537,8,"[23, 13, 13, 11, 26, 5, 8, 18]"
538,7,"[10, 17, 11, 15, 32, 19, 14]"
539,6,"[11, 21, 33, 27, 6, 21]"
540,7,"[22, 16, 15, 16, 24, 11, 14]"
541,9,"[10, 11, 21, 10, 22, 15, 14, 10, 3]"
542,7,"[26, 16, 21, 10, 17, 22, 6]"
543,8,"[16, 27, 14, 20, 6, 17, 12, 5]"
544,7,"[28, 17, 16, 5, 20, 19, 12]"
545,6,"[14, 19, 17, 26, 29, 14]"
546,8,"[20, 23, 15, 9, 5, 23, 5, 17]"
547,6,"[27, 13, 29, 6, 29, 15]"
548,7,"[11, 16, 24, 18, 21, 16, 12]"
549,7,"[10, 24, 12, 26, 16, 22, 8]"
550,7,"[28, 19, 29, 6, 17, 13, 6]"
551,10,"[13, 12, 8, 8, 16, 23, 6, 5, 16, 7]"
552,7,"[10, 17, 28, 16, 20, 14, 13]"
553,7,"[34, 23, 14, 8, 11, 18, 10]"
554,7,"[3, 24, 26, 19, 27, 14, 5]"
555,8,"[13, 9, 17, 15, 5, 4, 37, 17]"
556,7,"[25, 15, 12, 24, 25, 11, 6]"
557,8,"[12, 9, 17, 14, 5, 25, 20, 15]"
558,8,"[17, 9, 14, 18, 31, 10, 11, 7]"
559,7,"[15, 8, 14, 32, 20, 22, 7]"
560,7,"[14, 16, 27, 12, 22, 15, 12]"
561,8,"[17, 21, 19, 13, 6, 21, 10, 10]"
562,9,"[15, 21, 12, 26, 5, 13, 10, 5, 9]"
563,7,"[16, 16, 9, 15, 23, 14, 25]"
564,7,"[25, 35, 14, 6, 19, 10, 9]"
565,8,"[3, 11, 13, 26, 24, 14, 13, 13]"
566,10,"[23, 13, 10, 20, 6, 6, 14, 10, 7, 6]"
567,8,"[13, 27, 14, 21, 5, 16, 3, 18]"
568,7,"[21, 22, 25, 19, 6, 17, 8]"
569,4,"[28, 19, 38, 36]"
570,8,"[8, 17, 12, 21, 21, 16, 7, 15]"
571,8,"[21, 20, 10, 16, 10, 19, 12, 9]"
572,8,"[9, 12, 20, 17, 12, 26, 11, 10]"
573,8,"[11, 16, 7, 25, 17, 6, 14, 21]"
574,8,"[8, 21, 11, 33, 21, 10, 7, 6]"
575,5,"[14, 34, 27, 16, 29]"
576,8,"[11, 12, 12, 11, 9, 24, 17, 21]"
577,7,"[23, 20, 13, 24, 12, 12, 14]"
578,7,"[22, 16, 22, 13, 20, 15, 10]"
579,8,"[15, 27, 15, 17, 12, 11, 9, 11]"
580,8,"[11, 20, 12, 8, 28, 17, 7, 14]"
581,8,"[13, 15, 21, 12, 19, 11, 14, 12]"
582,6,"[13, 19, 18, 14, 29, 26]"
583,7,"[15, 20, 19, 11, 19, 19, 14]"
584,7,"[9, 17, 23, 11, 17, 20, 21]"
585,7,"[5, 15, 27, 28, 24, 11, 8]"
586,8,"[19, 22, 13, 25, 5, 13, 9, 11]"
587,8,"[24, 10, 14, 10, 21, 14, 6, 18]"
588,5,"[17, 17, 35, 27, 24]"
589,6,"[13, 18, 14, 25, 25, 23]"
590,5,"[32, 20, 7, 28, 33]"
591,7,"[23, 16, 23, 24, 19, 5, 8]"
592,9,"[16, 12, 12, 12, 20, 5, 25, 3, 11]"
593,9,"[11, 13, 14, 11, 20, 20, 6, 12, 9]"
594,6,"[24, 19, 17, 20, 24, 15]"
595,7,"[8, 32, 20, 5, 20, 11, 22]"
596,7,"[27, 24, 16, 5, 13, 12, 21]"
597,9,"[10, 14, 15, 9, 14, 19, 22, 9, 4]"
598,7,"[20, 17, 8, 26, 5, 17, 24]"
599,8,"[12, 18, 12, 7, 24, 11, 18, 14]"
600,6,"[12, 30, 31, 21, 17, 8]"
601,8,"[10, 19, 12, 24, 10, 21, 14, 7]"
602,7,"[18, 21, 22, 5, 25, 13, 14]"
603,6,"[19, 28, 33, 19, 14, 6]"
604,8,"[10, 25, 16, 26, 21, 3, 11, 5]"
605,7,"[9, 23, 22, 21, 22, 10, 11]"
606,9,"[15, 12, 16, 12, 22, 5, 18, 4, 12]"
607,6,"[16, 24, 21, 18, 21, 18]"
608,8,"[9, 3, 25, 16, 25, 23, 10, 6]"
609,7,"[13, 19, 20, 14, 4, 23, 25]"
610,9,"[15, 9, 11, 9, 17, 25, 17, 3, 10]"
611,6,"[28, 10, 25, 6, 33, 17]"
612,6,"[19, 16, 34, 30, 14, 6]"
613,7,"[10, 18, 22, 19, 24, 8, 17]"
614,8,"[7, 12, 21, 9, 18, 25, 21, 4]"
615,7,"[22, 22, 16, 21, 6, 19, 12]"
616,8,"[14, 16, 15, 11, 23, 20, 6, 11]"
617,7,"[25, 15, 15, 28, 18, 11, 6]"
618,9,"[10, 18, 10, 13, 22, 5, 11, 3, 24]"
619,7,"[10, 21, 11, 25, 22, 22, 7]"
620,7,"[27, 17, 25, 14, 6, 20, 9]"
621,7,"[23, 15, 15, 14, 19, 29, 3]"
622,6,"[16, 25, 35, 21, 17, 5]"
623,7,"[14, 8, 14, 21, 26, 23, 11]"
624,9,"[12, 7, 17, 29, 14, 10, 10, 6, 11]"
625,8,"[14, 14, 18, 17, 24, 10, 9, 11]"
626,7,"[9, 17, 18, 19, 24, 15, 15]"
627,8,"[15, 12, 13, 18, 15, 17, 24, 3]"
628,6,"[12, 20, 17, 20, 26, 24]"
629,6,"[15, 23, 23, 22, 11, 25]"
630,8,"[9, 27, 11, 15, 5, 26, 12, 12]"
631,8,"[10, 13, 8, 20, 18, 22, 15, 11]"
632,8,"[17, 11, 14, 18, 26, 13, 13, 5]"
633,5,"[15, 22, 20, 37, 25]"
634,6,"[11, 14, 14, 18, 33, 28]"
635,6,"[8, 21, 15, 21, 25, 29]"
636,10,"[4, 11, 12, 14, 9, 26, 14, 15, 5, 5]"
637,7,"[11, 12, 21, 20, 21, 18, 15]"
638,8,"[22, 19, 9, 22, 6, 17, 9, 13]"
